N	P	K	pH	temperature	humidity	rainfall	soil_type	season	region	label
100	55	165	5.7	25.42	61.76	1050	Loamy	Kharif	Nashik	Dragon Fruit
100	60	160	6.5	25.42	61.76	900	Loamy	Kharif	Nashik	Dragon Fruit
90	30	160	6.4	25.42	61.76	900	Loamy	Kharif	Nashik	Dragon Fruit
80	40	150	6	25.42	61.76	800	Loamy	Kharif	Nashik	Dragon Fruit
80	45	150	6	25.42	61.76	800	Loamy	Kharif	Nashik	Dragon Fruit
120	50	170	5.8	25.42	61.76	950	Loamy	Kharif	Nashik	Dragon Fruit
85	45	155	6.3	25.42	61.76	920	Loamy	Kharif	Nashik	Dragon Fruit
110	55	180	5.9	25.42	61.76	1000	Loamy	Kharif	Nashik	Dragon Fruit
70	45	140	6.2	25.42	61.76	850	Loamy	Kharif	Nashik	Dragon Fruit
50	40	130	6.1	25.42	61.76	750	Loamy	Kharif	Nashik	Dragon Fruit
65	18	32	7.6	25.42	61.76	360	Loamy	Kharif	Nashik	Aloe Vera
62	16	31	7.5	25.42	61.76	355	Loamy	Kharif	Nashik	Aloe Vera
55	12	28	7.4	25.42	61.76	340	Loamy	Kharif	Nashik	Aloe Vera
60	15	30	7.5	25.42	61.76	350	Loamy	Kharif	Nashik	Aloe Vera
60	15	30	7.5	25.42	61.76	350	Loamy	Kharif	Nashik	Aloe Vera
65	38	55	6.2	25.42	61.76	550	Loamy	Kharif	Nashik	Amaranth (Rajgira)
64	37	54	6.8	25.42	61.76	540	Loamy	Kharif	Nashik	Amaranth (Rajgira)
62	36	52	6.4	25.42	61.76	520	Loamy	Kharif	Nashik	Amaranth (Rajgira)
60	35	50	6	25.42	61.76	500	Loamy	Kharif	Nashik	Amaranth (Rajgira)
68	40	58	6.6	25.42	61.76	580	Loamy	Kharif	Nashik	Amaranth (Rajgira)
50	20	58	6.6	25.42	61.76	820	Loamy	Kharif	Nashik	Ashwagandha
45	18	55	6.5	25.42	61.76	800	Loamy	Kharif	Nashik	Ashwagandha
42	16	52	6.4	25.42	61.76	780	Loamy	Kharif	Nashik	Ashwagandha
45	18	55	6.5	25.42	61.76	800	Loamy	Kharif	Nashik	Ashwagandha
48	19	57	6.5	25.42	61.76	810	Loamy	Kharif	Nashik	Ashwagandha
110	65	95	6.8	25.42	61.76	850	Loamy	Kharif	Nashik	Asparagus
108	64	94	6.7	25.42	61.76	830	Loamy	Kharif	Nashik	Asparagus
105	62	92	6.6	25.42	61.76	820	Loamy	Kharif	Nashik	Asparagus
100	60	90	6.5	25.42	61.76	800	Loamy	Kharif	Nashik	Asparagus
115	68	98	7	25.42	61.76	870	Loamy	Kharif	Nashik	Asparagus
75	40	100	6	25.42	61.76	1000	Loamy	Kharif	Nashik	Avocado
90	40	100	6	25.42	61.76	1000	Loamy	Kharif	Nashik	Avocado
80	40	100	6	25.42	61.76	1000	Loamy	Kharif	Nashik	Avocado
70	40	100	6	25.42	61.76	1000	Loamy	Kharif	Nashik	Avocado
85	40	100	6	25.42	61.76	1000	Loamy	Kharif	Nashik	Avocado
160	45	130	6.6	25.42	61.76	2100	Loamy	Kharif	Nashik	Bamboo
150	40	120	6.5	25.42	61.76	2000	Loamy	Kharif	Nashik	Bamboo
140	35	110	6.4	25.42	61.76	1900	Loamy	Kharif	Nashik	Bamboo
150	40	120	6.5	25.42	61.76	2000	Loamy	Kharif	Nashik	Bamboo
155	50	135	6.5	25.42	61.76	2150	Loamy	Kharif	Nashik	Bamboo
50	32	42	5.8	25.42	61.76	550	Loamy	Kharif	Nashik	Barnyard Millet
49	31	43	6.5	25.42	61.76	540	Loamy	Kharif	Nashik	Barnyard Millet
47	30	40	6	25.42	61.76	520	Loamy	Kharif	Nashik	Barnyard Millet
45	28	38	5.5	25.42	61.76	500	Loamy	Kharif	Nashik	Barnyard Millet
53	34	46	6.3	25.42	61.76	580	Loamy	Kharif	Nashik	Barnyard Millet
80	35	45	4.8	25.42	61.76	1300	Loamy	Kharif	Nashik	Blueberry
90	40	50	4.9	25.42	61.76	1150	Loamy	Kharif	Nashik	Blueberry
75	32	42	5	25.42	61.76	1100	Loamy	Kharif	Nashik	Blueberry
70	30	40	4.5	25.42	61.76	1200	Loamy	Kharif	Nashik	Blueberry
85	38	48	4.6	25.42	61.76	1250	Loamy	Kharif	Nashik	Blueberry
160	65	110	6.5	25.42	61.76	850	Loamy	Kharif	Nashik	Broccoli
158	62	108	6.4	25.42	61.76	830	Loamy	Kharif	Nashik	Broccoli
155	63	105	6.3	25.42	61.76	820	Loamy	Kharif	Nashik	Broccoli
150	60	100	6.2	25.42	61.76	800	Loamy	Kharif	Nashik	Broccoli
165	68	115	6.7	25.42	61.76	870	Loamy	Kharif	Nashik	Broccoli
130	55	110	6.8	25.42	61.76	850	Loamy	Kharif	Nashik	Brussels Sprouts
128	54	108	6.7	25.42	61.76	830	Loamy	Kharif	Nashik	Brussels Sprouts
125	52	105	6.6	25.42	61.76	820	Loamy	Kharif	Nashik	Brussels Sprouts
120	50	100	6.5	25.42	61.76	800	Loamy	Kharif	Nashik	Brussels Sprouts
135	58	115	7	25.42	61.76	870	Loamy	Kharif	Nashik	Brussels Sprouts
55	35	45	6.2	25.42	61.76	650	Loamy	Kharif	Nashik	Buckwheat
54	34	44	6.8	25.42	61.76	640	Loamy	Kharif	Nashik	Buckwheat
52	32	42	6.4	25.42	61.76	620	Loamy	Kharif	Nashik	Buckwheat
50	30	40	6	25.42	61.76	600	Loamy	Kharif	Nashik	Buckwheat
58	38	48	6.6	25.42	61.76	680	Loamy	Kharif	Nashik	Buckwheat
110	65	95	6.8	25.42	61.76	850	Loamy	Kharif	Nashik	Capsicum (Colored Bell Peppers)
108	64	94	6.7	25.42	61.76	830	Loamy	Kharif	Nashik	Capsicum (Colored Bell Peppers)
105	62	92	6.6	25.42	61.76	820	Loamy	Kharif	Nashik	Capsicum (Colored Bell Peppers)
100	60	90	6.5	25.42	61.76	800	Loamy	Kharif	Nashik	Capsicum (Colored Bell Peppers)
115	68	98	7	25.42	61.76	870	Loamy	Kharif	Nashik	Capsicum (Colored Bell Peppers)
100	45	115	7.1	25.42	61.76	820	Loamy	Kharif	Nashik	Castor
95	40	110	7	25.42	61.76	800	Loamy	Kharif	Nashik	Castor
90	38	105	7	25.42	61.76	780	Loamy	Kharif	Nashik	Castor
95	40	110	7	25.42	61.76	800	Loamy	Kharif	Nashik	Castor
98	42	110	7	25.42	61.76	800	Loamy	Kharif	Nashik	Castor
210	155	610	6.2	25.42	61.76	850	Loamy	Kharif	Nashik	Celery
208	154	608	6.8	25.42	61.76	830	Loamy	Kharif	Nashik	Celery
205	152	605	6.4	25.42	61.76	820	Loamy	Kharif	Nashik	Celery
200	150	600	6	25.42	61.76	800	Loamy	Kharif	Nashik	Celery
215	158	615	6.6	25.42	61.76	870	Loamy	Kharif	Nashik	Celery
100	65	100	6.8	25.42	61.76	850	Loamy	Kharif	Nashik	Cherry Tomatoes
98	64	98	6.7	25.42	61.76	830	Loamy	Kharif	Nashik	Cherry Tomatoes
95	62	95	6.6	25.42	61.76	820	Loamy	Kharif	Nashik	Cherry Tomatoes
90	60	90	6.5	25.42	61.76	800	Loamy	Kharif	Nashik	Cherry Tomatoes
105	68	105	7	25.42	61.76	870	Loamy	Kharif	Nashik	Cherry Tomatoes
90	45	65	6.2	25.42	61.76	650	Loamy	Kharif	Nashik	Chia Seeds
88	44	64	6.8	25.42	61.76	640	Loamy	Kharif	Nashik	Chia Seeds
85	42	62	6.4	25.42	61.76	620	Loamy	Kharif	Nashik	Chia Seeds
80	40	60	6	25.42	61.76	600	Loamy	Kharif	Nashik	Chia Seeds
95	48	68	6.6	25.42	61.76	680	Loamy	Kharif	Nashik	Chia Seeds
60	30	45	6.5	25.42	61.76	700	Loamy	Kharif	Nashik	Fig (Anjeer)
58	29	43	6.3	25.42	61.76	680	Loamy	Kharif	Nashik	Fig (Anjeer)
55	28	42	6.2	25.42	61.76	650	Loamy	Kharif	Nashik	Fig (Anjeer)
50	25	40	6	25.42	61.76	600	Loamy	Kharif	Nashik	Fig (Anjeer)
65	35	50	6.8	25.42	61.76	750	Loamy	Kharif	Nashik	Fig (Anjeer)
45	28	35	5.8	25.42	61.76	750	Loamy	Kharif	Nashik	Finger Millet (Ragi)
44	27	34	6.5	25.42	61.76	740	Loamy	Kharif	Nashik	Finger Millet (Ragi)
42	26	32	6	25.42	61.76	720	Loamy	Kharif	Nashik	Finger Millet (Ragi)
40	25	30	5.5	25.42	61.76	700	Loamy	Kharif	Nashik	Finger Millet (Ragi)
48	30	38	6.2	25.42	61.76	780	Loamy	Kharif	Nashik	Finger Millet (Ragi)
90	45	80	6.1	25.42	61.76	520	Loamy	Kharif	Nashik	Flaxseed
85	40	75	6	25.42	61.76	500	Loamy	Kharif	Nashik	Flaxseed
80	35	70	5.9	25.42	61.76	480	Loamy	Kharif	Nashik	Flaxseed
85	40	75	6	25.42	61.76	500	Loamy	Kharif	Nashik	Flaxseed
95	50	85	6	25.42	61.76	550	Loamy	Kharif	Nashik	Flaxseed
55	34	45	6	25.42	61.76	650	Loamy	Kharif	Nashik	Foxtail Millet
54	33	44	6.6	25.42	61.76	640	Loamy	Kharif	Nashik	Foxtail Millet
52	32	42	6.2	25.42	61.76	620	Loamy	Kharif	Nashik	Foxtail Millet
50	30	40	5.8	25.42	61.76	600	Loamy	Kharif	Nashik	Foxtail Millet
58	36	48	6.4	25.42	61.76	680	Loamy	Kharif	Nashik	Foxtail Millet
85	32	75	6.9	25.42	61.76	860	Loamy	Kharif	Nashik	Giloy
80	30	70	6.8	25.42	61.76	850	Loamy	Kharif	Nashik	Giloy
75	28	65	6.7	25.42	61.76	840	Loamy	Kharif	Nashik	Giloy
80	30	70	6.8	25.42	61.76	850	Loamy	Kharif	Nashik	Giloy
90	35	80	7	25.42	61.76	880	Loamy	Kharif	Nashik	Giloy
40	45	60	5.5	25.42	61.76	1000	Loamy	Kharif	Nashik	Ginger
60	60	75	5.5	25.42	61.76	900	Loamy	Kharif	Nashik	Ginger
60	50	65	6	25.42	61.76	900	Loamy	Kharif	Nashik	Ginger
60	40	80	6.5	25.42	61.76	900	Loamy	Kharif	Nashik	Ginger
40	55	70	6.5	25.42	61.76	1000	Loamy	Kharif	Nashik	Ginger
25	40	20	6	25.42	61.76	700	Loamy	Kharif	Nashik	Gram
25	45	25	6.5	25.42	61.76	800	Loamy	Kharif	Nashik	Gram
30	40	20	6	25.42	61.76	700	Loamy	Kharif	Nashik	Gram
20	40	20	6	25.42	61.76	700	Loamy	Kharif	Nashik	Gram
20	45	25	6.5	25.42	61.76	800	Loamy	Kharif	Nashik	Gram
30	30	25	5.5	25.42	61.76	700	Loamy	Kharif	Nashik	Groundnut
30	35	30	6	25.42	61.76	800	Loamy	Kharif	Nashik	Groundnut
20	35	30	6	25.42	61.76	800	Loamy	Kharif	Nashik	Groundnut
25	30	25	5.5	25.42	61.76	700	Loamy	Kharif	Nashik	Groundnut
25	35	30	6	25.42	61.76	800	Loamy	Kharif	Nashik	Groundnut
90	45	90	6.8	25.42	61.76	1300	Loamy	Kharif	Nashik	Guava
88	44	88	6.3	25.42	61.76	1280	Loamy	Kharif	Nashik	Guava
85	42	85	6.2	25.42	61.76	1250	Loamy	Kharif	Nashik	Guava
80	40	80	6.5	25.42	61.76	1200	Loamy	Kharif	Nashik	Guava
95	48	95	6.7	25.42	61.76	1350	Loamy	Kharif	Nashik	Guava
110	65	95	6.2	25.42	61.76	850	Loamy	Kharif	Nashik	Iceberg Lettuce
108	64	94	6.8	25.42	61.76	830	Loamy	Kharif	Nashik	Iceberg Lettuce
105	62	92	6.4	25.42	61.76	820	Loamy	Kharif	Nashik	Iceberg Lettuce
100	60	90	6	25.42	61.76	800	Loamy	Kharif	Nashik	Iceberg Lettuce
115	68	98	6.6	25.42	61.76	870	Loamy	Kharif	Nashik	Iceberg Lettuce
120	50	130	6.6	25.42	61.76	1250	Loamy	Kharif	Nashik	Jatropha
110	45	120	6.5	25.42	61.76	1200	Loamy	Kharif	Nashik	Jatropha
105	40	110	6.4	25.42	61.76	1150	Loamy	Kharif	Nashik	Jatropha
110	45	120	6.5	25.42	61.76	1200	Loamy	Kharif	Nashik	Jatropha
115	45	115	6.5	25.42	61.76	1180	Loamy	Kharif	Nashik	Jatropha
110	65	95	6.2	25.42	61.76	800	Loamy	Kharif	Nashik	Kale
108	64	94	6.8	25.42	61.76	780	Loamy	Kharif	Nashik	Kale
105	62	92	6.4	25.42	61.76	770	Loamy	Kharif	Nashik	Kale
100	60	90	6	25.42	61.76	750	Loamy	Kharif	Nashik	Kale
115	68	98	6.6	25.42	61.76	820	Loamy	Kharif	Nashik	Kale
120	60	160	5.8	25.42	61.76	1400	Loamy	Kharif	Nashik	Kiwi
105	52	152	6.1	25.42	61.76	1350	Loamy	Kharif	Nashik	Kiwi
110	55	155	6.2	25.42	61.76	1300	Loamy	Kharif	Nashik	Kiwi
100	50	150	6	25.42	61.76	1200	Loamy	Kharif	Nashik	Kiwi
115	58	158	5.9	25.42	61.76	1250	Loamy	Kharif	Nashik	Kiwi
85	28	55	7.1	25.42	61.76	610	Loamy	Kharif	Nashik	Lavender
80	25	50	7	25.42	61.76	600	Loamy	Kharif	Nashik	Lavender
78	22	48	7	25.42	61.76	590	Loamy	Kharif	Nashik	Lavender
80	25	50	7	25.42	61.76	600	Loamy	Kharif	Nashik	Lavender
82	27	52	7.1	25.42	61.76	600	Loamy	Kharif	Nashik	Lavender
95	32	80	6.1	25.42	61.76	1220	Loamy	Kharif	Nashik	Lemongrass
90	30	75	6	25.42	61.76	1200	Loamy	Kharif	Nashik	Lemongrass
85	28	70	5.9	25.42	61.76	1180	Loamy	Kharif	Nashik	Lemongrass
90	30	75	6	25.42	61.76	1200	Loamy	Kharif	Nashik	Lemongrass
92	31	77	6	25.42	61.76	1200	Loamy	Kharif	Nashik	Lemongrass
130	45	110	7.1	25.42	61.76	1100	Loamy	Kharif	Nashik	Moringa
120	40	100	7	25.42	61.76	1000	Loamy	Kharif	Nashik	Moringa
115	38	95	7	25.42	61.76	950	Loamy	Kharif	Nashik	Moringa
120	40	100	7	25.42	61.76	1000	Loamy	Kharif	Nashik	Moringa
125	42	105	7	25.42	61.76	1050	Loamy	Kharif	Nashik	Moringa
110	65	90	6.1	25.42	61.76	730	Loamy	Kharif	Nashik	Mustard
100	60	85	6	25.42	61.76	700	Loamy	Kharif	Nashik	Mustard
95	55	80	5.9	25.42	61.76	680	Loamy	Kharif	Nashik	Mustard
100	60	85	6	25.42	61.76	700	Loamy	Kharif	Nashik	Mustard
120	70	95	6	25.42	61.76	750	Loamy	Kharif	Nashik	Mustard
120	60	160	6.5	25.42	61.76	1400	Loamy	Perennial	Konkan	Papaya
105	52	152	6.3	25.42	61.76	1250	Loamy	Perennial	Konkan	Papaya
110	55	155	6.2	25.42	61.76	1300	Loamy	Perennial	Konkan	Papaya
100	50	150	6	25.42	61.76	1200	Loamy	Perennial	Konkan	Papaya
115	58	158	6.8	25.42	61.76	1350	Loamy	Perennial	Konkan	Papaya
110	65	95	6.2	25.42	61.76	850	Loamy	Kharif	Nashik	Parsley
108	64	94	6.8	25.42	61.76	830	Loamy	Kharif	Nashik	Parsley
105	62	92	6.4	25.42	61.76	820	Loamy	Kharif	Nashik	Parsley
100	60	90	6	25.42	61.76	800	Loamy	Kharif	Nashik	Parsley
115	68	98	6.6	25.42	61.76	870	Loamy	Kharif	Nashik	Parsley
90	45	110	6.8	25.42	61.76	1800	Loamy	Kharif	Nashik	Passion Fruit
88	44	108	6.7	25.42	61.76	1550	Loamy	Kharif	Nashik	Passion Fruit
85	42	105	6.2	25.42	61.76	1600	Loamy	Kharif	Nashik	Passion Fruit
80	40	100	6.5	25.42	61.76	1500	Loamy	Kharif	Nashik	Passion Fruit
95	48	115	6	25.42	61.76	1700	Loamy	Kharif	Nashik	Passion Fruit
65	34	45	6.2	25.42	61.76	450	Loamy	Kharif	Nashik	Pearl Millet (Bajra)
64	33	44	6.8	25.42	61.76	440	Loamy	Kharif	Nashik	Pearl Millet (Bajra)
62	32	42	6.4	25.42	61.76	420	Loamy	Kharif	Nashik	Pearl Millet (Bajra)
60	30	40	6	25.42	61.76	400	Loamy	Kharif	Nashik	Pearl Millet (Bajra)
68	36	48	6.6	25.42	61.76	480	Loamy	Kharif	Nashik	Pearl Millet (Bajra)
120	50	90	7	25.42	61.76	700	Loamy	Kharif	Nashik	Pomegranate (Bhagwa Variety)
105	42	82	6.6	25.42	61.76	620	Loamy	Kharif	Nashik	Pomegranate (Bhagwa Variety)
110	45	85	6.8	25.42	61.76	650	Loamy	Kharif	Nashik	Pomegranate (Bhagwa Variety)
100	40	80	6.5	25.42	61.76	600	Loamy	Kharif	Nashik	Pomegranate (Bhagwa Variety)
115	48	88	7.2	25.42	61.76	750	Loamy	Kharif	Nashik	Pomegranate (Bhagwa Variety)
53	34	83	6.6	25.42	61.76	610	Loamy	Kharif	Nashik	Pomegranates
55	35	85	6.7	25.42	61.76	550	Loamy	Kharif	Nashik	Pomegranates
52	33	85	6.6	25.42	61.76	570	Loamy	Kharif	Nashik	Pomegranates
50	30	80	6.5	25.42	61.76	600	Loamy	Kharif	Nashik	Pomegranates
56	37	88	6.7	25.42	61.76	640	Loamy	Kharif	Nashik	Pomegranates
45	28	75	6.6	25.42	61.76	500	Loamy	Kharif	Nashik	Pomegranates
58	38	92	6.8	25.42	61.76	550	Loamy	Kharif	Nashik	Pomegranates
50	30	80	6.5	25.42	61.76	620	Loamy	Kharif	Nashik	Pomegranates
60	40	90	6.8	25.42	61.76	550	Loamy	Kharif	Nashik	Pomegranates
48	30	78	6.7	25.42	61.76	590	Loamy	Kharif	Nashik	Pomegranates
110	65	95	6.2	25.42	61.76	350	Loamy	Kharif	Nashik	Quinoa
108	64	94	6.8	25.42	61.76	340	Loamy	Kharif	Nashik	Quinoa
105	62	92	6.4	25.42	61.76	320	Loamy	Kharif	Nashik	Quinoa
100	60	90	6	25.42	61.76	300	Loamy	Kharif	Nashik	Quinoa
115	68	98	6.6	25.42	61.76	370	Loamy	Kharif	Nashik	Quinoa
75	20	45	7.6	25.42	61.76	560	Loamy	Kharif	Nashik	Rosemary
70	18	40	7.5	25.42	61.76	550	Loamy	Kharif	Nashik	Rosemary
68	17	38	7.4	25.42	61.76	540	Loamy	Kharif	Nashik	Rosemary
70	18	40	7.5	25.42	61.76	550	Loamy	Kharif	Nashik	Rosemary
72	19	42	7.5	25.42	61.76	550	Loamy	Kharif	Nashik	Rosemary
36	48	47	6.8	25.42	61.76	310	Loamy	Kharif	Nashik	Saffron (Kesar)
32	42	43	6.8	25.42	61.76	350	Loamy	Kharif	Nashik	Saffron (Kesar)
31	41	42	6.9	25.42	61.76	300	Loamy	Kharif	Nashik	Saffron (Kesar)
30	40	40	6.5	25.42	61.76	300	Loamy	Kharif	Nashik	Saffron (Kesar)
34	44	45	6.7	25.42	61.76	330	Loamy	Kharif	Nashik	Saffron (Kesar)
28	38	41	6.7	25.42	61.76	270	Loamy	Kharif	Nashik	Saffron (Kesar)
33	41	42	6.6	25.42	61.76	290	Loamy	Kharif	Nashik	Saffron (Kesar)
33	43	44	6.5	25.42	61.76	280	Loamy	Kharif	Nashik	Saffron (Kesar)
35	45	46	6.6	25.42	61.76	320	Loamy	Kharif	Nashik	Saffron (Kesar)
30	39	40	6.5	25.42	61.76	310	Loamy	Kharif	Nashik	Saffron (Kesar)
85	55	75	6.6	25.42	61.76	420	Loamy	Kharif	Nashik	Sesame
80	50	70	6.5	25.42	61.76	400	Loamy	Kharif	Nashik	Sesame
75	45	65	6.4	25.42	61.76	380	Loamy	Kharif	Nashik	Sesame
80	50	70	6.5	25.42	61.76	400	Loamy	Kharif	Nashik	Sesame
90	60	80	6.5	25.42	61.76	450	Loamy	Kharif	Nashik	Sesame
105	37	85	7.3	25.42	61.76	920	Loamy	Kharif	Nashik	Shatavari
100	35	80	7.2	25.42	61.76	900	Loamy	Kharif	Nashik	Shatavari
95	33	75	7	25.42	61.76	880	Loamy	Kharif	Nashik	Shatavari
100	35	80	7.2	25.42	61.76	900	Loamy	Kharif	Nashik	Shatavari
110	40	90	7.2	25.42	61.76	930	Loamy	Kharif	Nashik	Shatavari
55	28	38	6.2	25.42	61.76	500	Loamy	Kharif	Nashik	Sorghum (Jowar)
54	27	37	6.8	25.42	61.76	490	Loamy	Kharif	Nashik	Sorghum (Jowar)
52	26	36	6.4	25.42	61.76	470	Loamy	Kharif	Nashik	Sorghum (Jowar)
50	25	35	6	25.42	61.76	450	Loamy	Kharif	Nashik	Sorghum (Jowar)
58	30	40	6.6	25.42	61.76	530	Loamy	Kharif	Nashik	Sorghum (Jowar)
40	35	25	6.5	25.42	61.76	400	Loamy	Kharif	Nashik	Soybean
40	30	25	6	25.42	61.76	400	Loamy	Kharif	Nashik	Soybean
60	40	30	7	25.42	61.76	300	Loamy	Kharif	Nashik	Soybean
60	30	20	6	25.42	61.76	300	Loamy	Kharif	Nashik	Soybean
40	30	25	6	25.42	61.76	400	Loamy	Kharif	Nashik	Soybean
55	22	48	6.6	25.42	61.76	850	Loamy	Kharif	Nashik	Stevia
50	20	47	6.5	25.42	61.76	800	Loamy	Kharif	Nashik	Stevia
45	18	42	6.4	25.42	61.76	780	Loamy	Kharif	Nashik	Stevia
50	20	45	6.5	25.42	61.76	800	Loamy	Kharif	Nashik	Stevia
60	25	50	6.7	25.42	61.76	810	Loamy	Kharif	Nashik	Stevia
200	80	120	6.8	25.42	61.76	1500	Loamy	Kharif	Nashik	Strawberry
220	90	130	6.7	25.42	61.76	1400	Loamy	Kharif	Nashik	Strawberry
250	70	90	6.2	25.42	61.76	1000	Loamy	Kharif	Nashik	Strawberry
150	60	100	6.5	25.42	61.76	1200	Loamy	Kharif	Nashik	Strawberry
180	50	110	6	25.42	61.76	1300	Loamy	Kharif	Nashik	Strawberry
100	60	110	7.5	25.42	61.76	1200	Loamy	Kharif	Nashik	Sugarcane
75	60	110	7.5	25.42	61.76	1200	Loamy	Kharif	Nashik	Sugarcane
90	50	115	6.5	25.42	61.76	1300	Loamy	Kharif	Nashik	Sugarcane
95	50	115	6.5	25.42	61.76	1300	Loamy	Kharif	Nashik	Sugarcane
85	60	110	7.5	25.42	61.76	1200	Loamy	Kharif	Nashik	Sugarcane
80	60	110	7.5	25.42	61.76	1200	Loamy	Kharif	Nashik	Sugarcane
85	50	115	6.5	25.42	61.76	1300	Loamy	Kharif	Nashik	Sugarcane
95	60	110	7.5	25.42	61.76	1200	Loamy	Kharif	Nashik	Sugarcane
80	50	115	6.5	25.42	61.76	1300	Loamy	Kharif	Nashik	Sugarcane
90	60	110	7.5	25.42	61.76	1200	Loamy	Kharif	Nashik	Sugarcane
125	60	95	6.6	25.42	61.76	620	Loamy	Kharif	Nashik	Sunflower
120	55	90	6.5	25.42	61.76	600	Loamy	Kharif	Nashik	Sunflower
115	50	85	6.4	25.42	61.76	590	Loamy	Kharif	Nashik	Sunflower
120	55	90	6.5	25.42	61.76	600	Loamy	Kharif	Nashik	Sunflower
130	65	100	6.5	25.42	61.76	650	Loamy	Kharif	Nashik	Sunflower
115	65	105	6.6	25.42	61.76	1050	Loamy	Kharif	Nashik	Sweet Corn
110	60	100	6.5	25.42	61.76	1000	Loamy	Kharif	Nashik	Sweet Corn
100	55	90	6.4	25.42	61.76	950	Loamy	Kharif	Nashik	Sweet Corn
110	60	100	6.5	25.42	61.76	1000	Loamy	Kharif	Nashik	Sweet Corn
120	70	110	6.5	25.42	61.76	1100	Loamy	Kharif	Nashik	Sweet Corn
35	18	95	5.5	25.42	61.76	500	Loamy	Kharif	Nashik	Teff
34	17	94	6.8	25.42	61.76	490	Loamy	Kharif	Nashik	Teff
32	16	92	6	25.42	61.76	470	Loamy	Kharif	Nashik	Teff
30	15	90	5	25.42	61.76	450	Loamy	Kharif	Nashik	Teff
38	20	98	6.5	25.42	61.76	530	Loamy	Kharif	Nashik	Teff
45	27	65	6.6	25.42	61.76	820	Loamy	Kharif	Nashik	Tulsi
40	25	60	6.5	25.42	61.76	800	Loamy	Kharif	Nashik	Tulsi
38	22	58	6.4	25.42	61.76	780	Loamy	Kharif	Nashik	Tulsi
40	25	60	6.5	25.42	61.76	800	Loamy	Kharif	Nashik	Tulsi
42	23	62	6.5	25.42	61.76	800	Loamy	Kharif	Nashik	Tulsi
35	20	20	6	25.42	61.76	500	Loamy	Kharif	Nashik	Tur
35	30	20	7	25.42	61.76	500	Loamy	Kharif	Nashik	Tur
40	20	20	6	25.42	61.76	500	Loamy	Kharif	Nashik	Tur
30	20	20	6	25.42	61.76	500	Loamy	Kharif	Nashik	Tur
30	25	25	6.5	25.42	61.76	600	Loamy	Kharif	Nashik	Tur
65	30	20	6.5	25.42	61.76	400	Loamy	Kharif	Nashik	Urad
80	30	20	6.5	25.42	61.76	400	Loamy	Kharif	Nashik	Urad
70	30	20	6.5	25.42	61.76	400	Loamy	Kharif	Nashik	Urad
60	30	20	6.5	25.42	61.76	400	Loamy	Kharif	Nashik	Urad
75	30	20	6.5	25.42	61.76	400	Loamy	Kharif	Nashik	Urad
55	22	58	6.6	25.42	61.76	1250	Loamy	Kharif	Nashik	Vetiver
50	20	55	6.5	25.42	61.76	1200	Loamy	Kharif	Nashik	Vetiver
45	18	50	6.4	25.42	61.76	1150	Loamy	Kharif	Nashik	Vetiver
50	20	55	6.5	25.42	61.76	1200	Loamy	Kharif	Nashik	Vetiver
60	25	60	6.5	25.42	61.76	1300	Loamy	Kharif	Nashik	Vetiver
100	65	100	6.8	25.42	61.76	850	Loamy	Kharif	Nashik	Zucchini (Green & Yellow)
98	64	98	6.7	25.42	61.76	830	Loamy	Kharif	Nashik	Zucchini (Green & Yellow)
95	62	95	6.6	25.42	61.76	820	Loamy	Kharif	Nashik	Zucchini (Green & Yellow)
90	60	90	6.5	25.42	61.76	800	Loamy	Kharif	Nashik	Zucchini (Green & Yellow)
105	68	105	7	25.42	61.76	870	Loamy	Kharif	Nashik	Zucchini (Green & Yellow)
100	75	50	6.68	25.42	61.76	1603	Alluvial	Perennial	Konkan	Banana
100	75	50	6.48	25.42	61.76	1026	Alluvial	Perennial	Konkan	Banana
100	75	50	6.58	25.42	61.76	1037	Alluvial	Perennial	Konkan	Banana
100	75	50	6.62	25.42	61.76	1603	Alluvial	Perennial	Konkan	Banana
100	75	50	6.34	25.42	61.76	1299	Alluvial	Perennial	Konkan	Banana
100	75	50	6.54	25.42	61.76	1111	Alluvial	Perennial	Konkan	Banana
100	75	50	6.56	25.42	61.76	1603	Alluvial	Perennial	Konkan	Banana
70	40	45	5.34	25.42	61.76	87	Loamy	Kharif	Nashik	Barley
70	40	45	5.64	25.42	61.76	73	Loamy	Kharif	Nashik	Barley
70	40	45	5.34	25.42	61.76	75	Loamy	Kharif	Nashik	Barley
70	40	45	5.52	25.42	61.76	19	Loamy	Kharif	Nashik	Barley
70	40	45	5.54	25.42	61.76	73	Loamy	Kharif	Nashik	Barley
60	10	20	6.46	25.42	61.76	884	Loamy	Kharif	Nashik	Bittergourd
60	10	20	6.42	25.42	61.76	2817	Loamy	Kharif	Nashik	Bittergourd
60	10	20	6.42	25.42	61.76	884	Loamy	Kharif	Nashik	Bittergourd
60	10	20	6.66	25.42	61.76	1350	Loamy	Kharif	Nashik	Bittergourd
60	10	20	6.62	25.42	61.76	884	Loamy	Kharif	Nashik	Bittergourd
40	60	20	5.14	25.42	61.76	127	Black	Kharif	Vidarbha	Blackgram
40	60	20	5	25.42	61.76	840	Black	Kharif	Vidarbha	Blackgram
40	60	20	4.98	25.42	61.76	840	Black	Kharif	Vidarbha	Blackgram
40	60	20	4.84	25.42	61.76	840	Black	Kharif	Vidarbha	Blackgram
40	60	20	4.96	25.42	61.76	127	Black	Kharif	Vidarbha	Blackgram
40	60	20	5.06	25.42	61.76	840	Black	Kharif	Vidarbha	Blackgram
40	60	20	4.86	25.42	61.76	840	Black	Kharif	Vidarbha	Blackgram
100	60	50	4.88	25.42	61.76	2817	Loamy	Kharif	Nashik	Blackpepper
100	60	50	4.82	25.42	61.76	2817	Loamy	Kharif	Nashik	Blackpepper
100	60	50	4.84	25.42	61.76	2817	Loamy	Kharif	Nashik	Blackpepper
100	60	50	4.88	25.42	61.76	1050	Loamy	Kharif	Nashik	Blackpepper
100	60	50	4.92	25.42	61.76	884	Loamy	Kharif	Nashik	Blackpepper
100	60	50	5.1	25.42	61.76	2817	Loamy	Kharif	Nashik	Blackpepper
100	60	50	5.02	25.42	61.76	2817	Loamy	Kharif	Nashik	Blackpepper
100	60	50	4.96	25.42	61.76	1603	Loamy	Kharif	Nashik	Blackpepper
100	50	50	6.34	25.42	61.76	942	Loamy	Kharif	Nashik	Bottlegourd
100	50	50	6.6	25.42	61.76	1350	Loamy	Kharif	Nashik	Bottlegourd
100	50	50	6.36	25.42	61.76	1037	Loamy	Kharif	Nashik	Bottlegourd
100	50	50	6.5	25.42	61.76	942	Loamy	Kharif	Nashik	Bottlegourd
100	50	50	6.54	25.42	61.76	884	Loamy	Kharif	Nashik	Bottlegourd
100	50	50	6.56	25.42	61.76	884	Loamy	Kharif	Nashik	Bottlegourd
100	50	50	6.52	25.42	61.76	1037	Loamy	Kharif	Nashik	Bottlegourd
80	15	40	6.6	25.42	61.76	1111	Loamy	Kharif	Nashik	Brinjal
80	15	40	6.44	25.42	61.76	942	Loamy	Kharif	Nashik	Brinjal
80	15	40	6.42	25.42	61.76	1037	Loamy	Kharif	Nashik	Brinjal
80	15	40	6.66	25.42	61.76	1603	Loamy	Kharif	Nashik	Brinjal
80	15	40	6.32	25.42	61.76	884	Loamy	Kharif	Nashik	Brinjal
80	15	40	6.4	25.42	61.76	2817	Loamy	Kharif	Nashik	Brinjal
80	15	40	6.58	25.42	61.76	1603	Loamy	Kharif	Nashik	Brinjal
80	15	40	6.6	25.42	61.76	884	Loamy	Kharif	Nashik	Brinjal
80	15	40	6.54	25.42	61.76	884	Loamy	Kharif	Nashik	Brinjal
80	15	40	6.4	25.42	61.76	2817	Loamy	Kharif	Nashik	Brinjal
100	65	70	6.38	25.42	61.76	884	Loamy	Kharif	Nashik	Cabbage
100	65	70	6.48	25.42	61.76	1111	Loamy	Kharif	Nashik	Cabbage
100	65	70	6.62	25.42	61.76	1111	Loamy	Kharif	Nashik	Cabbage
100	65	70	6.48	25.42	61.76	1037	Loamy	Kharif	Nashik	Cabbage
100	65	70	6.6	25.42	61.76	1111	Loamy	Kharif	Nashik	Cabbage
100	65	70	6.66	25.42	61.76	1350	Loamy	Kharif	Nashik	Cabbage
100	65	70	6.6	25.42	61.76	1111	Loamy	Kharif	Nashik	Cabbage
100	65	70	6.62	25.42	61.76	1111	Loamy	Kharif	Nashik	Cabbage
100	65	70	6.34	25.42	61.76	1111	Loamy	Kharif	Nashik	Cabbage
100	65	70	6.56	25.42	61.76	1037	Loamy	Kharif	Nashik	Cabbage
75	75	150	5.06	25.42	61.76	884	Loamy	Kharif	Nashik	Cardamom
75	75	150	4.9	25.42	61.76	884	Loamy	Kharif	Nashik	Cardamom
75	75	150	5.04	25.42	61.76	2817	Loamy	Kharif	Nashik	Cardamom
75	75	150	5.14	25.42	61.76	2817	Loamy	Kharif	Nashik	Cardamom
75	75	150	5.1	25.42	61.76	2817	Loamy	Kharif	Nashik	Cardamom
75	75	150	4.84	25.42	61.76	884	Loamy	Kharif	Nashik	Cardamom
75	75	150	5.12	25.42	61.76	884	Loamy	Kharif	Nashik	Cardamom
75	75	150	5.02	25.42	61.76	1603	Loamy	Kharif	Nashik	Cardamom
75	75	150	5	25.42	61.76	884	Loamy	Kharif	Nashik	Cardamom
75	75	150	5.14	25.42	61.76	884	Loamy	Kharif	Nashik	Cardamom
80	70	50	6.6	25.42	61.76	1111	Loamy	Kharif	Nashik	Cauliflower
80	70	50	6.32	25.42	61.76	884	Loamy	Kharif	Nashik	Cauliflower
80	70	50	6.68	25.42	61.76	1111	Loamy	Kharif	Nashik	Cauliflower
80	70	50	6.38	25.42	61.76	1111	Loamy	Kharif	Nashik	Cauliflower
80	70	50	6.56	25.42	61.76	1111	Loamy	Kharif	Nashik	Cauliflower
80	70	50	6.32	25.42	61.76	1111	Loamy	Kharif	Nashik	Cauliflower
80	70	50	6.54	25.42	61.76	1111	Loamy	Kharif	Nashik	Cauliflower
80	70	50	6.56	25.42	61.76	1111	Loamy	Kharif	Nashik	Cauliflower
80	70	50	6.66	25.42	61.76	1111	Loamy	Kharif	Nashik	Cauliflower
80	70	50	6.68	25.42	61.76	1111	Loamy	Kharif	Nashik	Cauliflower
10	20	20	6.68	25.42	61.76	1111	Loamy	Kharif	Nashik	Coriander
10	20	20	6.32	25.42	61.76	556	Loamy	Kharif	Nashik	Coriander
10	20	20	6.5	25.42	61.76	1111	Loamy	Kharif	Nashik	Coriander
10	20	20	6.46	25.42	61.76	556	Loamy	Kharif	Nashik	Coriander
10	20	20	6.46	25.42	61.76	1111	Loamy	Kharif	Nashik	Coriander
10	20	20	6.68	25.42	61.76	942	Loamy	Kharif	Nashik	Coriander
10	20	20	6.42	25.42	61.76	1299	Loamy	Kharif	Nashik	Coriander
10	20	20	6.36	25.42	61.76	1026	Loamy	Kharif	Nashik	Coriander
10	20	20	6.32	25.42	61.76	942	Loamy	Kharif	Nashik	Coriander
10	20	20	6.52	25.42	61.76	556	Loamy	Kharif	Nashik	Coriander
120	40	20	5.66	25.42	61.76	535	Black	Kharif	Vidarbha	Cotton
120	40	20	5.44	25.42	61.76	297	Black	Kharif	Vidarbha	Cotton
120	40	20	5.34	25.42	61.76	297	Black	Kharif	Vidarbha	Cotton
120	40	20	5.6	25.42	61.76	207	Black	Kharif	Vidarbha	Cotton
120	40	20	5.46	25.42	61.76	884	Black	Kharif	Vidarbha	Cotton
120	40	20	5.68	25.42	61.76	207	Black	Kharif	Vidarbha	Cotton
120	40	20	5.54	25.42	61.76	1603	Black	Kharif	Vidarbha	Cotton
120	40	20	5.52	25.42	61.76	1011	Black	Kharif	Vidarbha	Cotton
120	40	20	5.56	25.42	61.76	510	Black	Kharif	Vidarbha	Cotton
120	40	20	5.44	25.42	61.76	411	Black	Kharif	Vidarbha	Cotton
60	60	85	6.5	25.42	61.76	942	Loamy	Kharif	Nashik	Cucumber
60	60	85	6.48	25.42	61.76	884	Loamy	Kharif	Nashik	Cucumber
60	60	85	6.48	25.42	61.76	942	Loamy	Kharif	Nashik	Cucumber
60	60	85	6.4	25.42	61.76	942	Loamy	Kharif	Nashik	Cucumber
60	60	85	6.38	25.42	61.76	1037	Loamy	Kharif	Nashik	Cucumber
60	60	85	6.62	25.42	61.76	942	Loamy	Kharif	Nashik	Cucumber
60	60	85	6.68	25.42	61.76	884	Loamy	Kharif	Nashik	Cucumber
60	60	85	6.4	25.42	61.76	884	Loamy	Kharif	Nashik	Cucumber
60	60	85	6.5	25.42	61.76	942	Loamy	Kharif	Nashik	Cucumber
60	60	85	6.4	25.42	61.76	942	Loamy	Kharif	Nashik	Cucumber
40	20	10	6.64	25.42	61.76	2817	Loamy	Kharif	Nashik	Drumstick
40	20	10	6.54	25.42	61.76	884	Loamy	Kharif	Nashik	Drumstick
40	20	10	6.4	25.42	61.76	884	Loamy	Kharif	Nashik	Drumstick
40	20	10	6.6	25.42	61.76	884	Loamy	Kharif	Nashik	Drumstick
40	20	10	6.32	25.42	61.76	2817	Loamy	Kharif	Nashik	Drumstick
40	20	10	6.46	25.42	61.76	884	Loamy	Kharif	Nashik	Drumstick
40	20	10	6.6	25.42	61.76	884	Loamy	Kharif	Nashik	Drumstick
40	20	10	6.58	25.42	61.76	2817	Loamy	Kharif	Nashik	Drumstick
40	20	10	6.64	25.42	61.76	2817	Loamy	Kharif	Nashik	Drumstick
40	20	10	6.6	25.42	61.76	884	Loamy	Kharif	Nashik	Drumstick
50	10	60	5.42	25.42	61.76	1111	Loamy	Kharif	Nashik	Garlic
50	10	60	5.64	25.42	61.76	1111	Loamy	Kharif	Nashik	Garlic
50	10	60	5.68	25.42	61.76	75	Loamy	Kharif	Nashik	Garlic
50	10	60	5.44	25.42	61.76	240	Loamy	Kharif	Nashik	Garlic
50	10	60	5.38	25.42	61.76	884	Loamy	Kharif	Nashik	Garlic
50	10	60	5.64	25.42	61.76	689	Loamy	Kharif	Nashik	Garlic
50	10	60	5.68	25.42	61.76	1603	Loamy	Kharif	Nashik	Garlic
50	10	60	5.6	25.42	61.76	1299	Loamy	Kharif	Nashik	Garlic
50	10	60	5.58	25.42	61.76	1111	Loamy	Kharif	Nashik	Garlic
50	10	60	5.54	25.42	61.76	1603	Loamy	Kharif	Nashik	Garlic
20	125	200	3.88	25.42	61.76	942	Black	Perennial	Nashik	Grapes
20	125	200	4.04	25.42	61.76	714	Black	Perennial	Nashik	Grapes
20	125	200	4.14	25.42	61.76	714	Black	Perennial	Nashik	Grapes
20	125	200	3.86	25.42	61.76	1603	Black	Perennial	Nashik	Grapes
20	125	200	4.16	25.42	61.76	1603	Black	Perennial	Nashik	Grapes
20	125	200	3.94	25.42	61.76	556	Black	Perennial	Nashik	Grapes
20	125	200	3.92	25.42	61.76	714	Black	Perennial	Nashik	Grapes
20	125	200	3.82	25.42	61.76	1037	Black	Perennial	Nashik	Grapes
20	125	200	3.82	25.42	61.76	714	Black	Perennial	Nashik	Grapes
20	125	200	4.16	25.42	61.76	942	Black	Perennial	Nashik	Grapes
20	60	20	5.98	25.42	61.76	199	Loamy	Kharif	Nashik	Horsegram
20	60	20	6.02	25.42	61.76	152	Loamy	Kharif	Nashik	Horsegram
20	60	20	5.86	25.42	61.76	664	Loamy	Kharif	Nashik	Horsegram
20	60	20	6.02	25.42	61.76	167	Loamy	Kharif	Nashik	Horsegram
20	60	20	5.98	25.42	61.76	199	Loamy	Kharif	Nashik	Horsegram
20	60	20	6.06	25.42	61.76	167	Loamy	Kharif	Nashik	Horsegram
20	60	20	6	25.42	61.76	654	Loamy	Kharif	Nashik	Horsegram
20	60	20	6.16	25.42	61.76	884	Loamy	Kharif	Nashik	Horsegram
20	60	20	5.98	25.42	61.76	199	Loamy	Kharif	Nashik	Horsegram
20	60	20	6.18	25.42	61.76	94	Loamy	Kharif	Nashik	Horsegram
75	40	50	4.84	25.42	61.76	884	Loamy	Kharif	Nashik	Jackfruit
75	40	50	5.1	25.42	61.76	884	Loamy	Kharif	Nashik	Jackfruit
75	40	50	5.04	25.42	61.76	2817	Loamy	Kharif	Nashik	Jackfruit
75	40	50	4.98	25.42	61.76	884	Loamy	Kharif	Nashik	Jackfruit
75	40	50	5.1	25.42	61.76	884	Loamy	Kharif	Nashik	Jackfruit
75	40	50	5.1	25.42	61.76	884	Loamy	Kharif	Nashik	Jackfruit
75	40	50	4.82	25.42	61.76	884	Loamy	Kharif	Nashik	Jackfruit
75	40	50	4.98	25.42	61.76	884	Loamy	Kharif	Nashik	Jackfruit
75	40	50	5.04	25.42	61.76	2817	Loamy	Kharif	Nashik	Jackfruit
75	40	50	4.84	25.42	61.76	884	Loamy	Kharif	Nashik	Jackfruit
80	40	40	5.5	25.42	61.76	157	Loamy	Kharif	Nashik	Jowar
80	40	40	5.68	25.42	61.76	1246	Loamy	Kharif	Nashik	Jowar
80	40	40	5.44	25.42	61.76	73	Loamy	Kharif	Nashik	Jowar
80	40	40	5.5	25.42	61.76	1246	Loamy	Kharif	Nashik	Jowar
80	40	40	5.5	25.42	61.76	579	Loamy	Kharif	Nashik	Jowar
80	40	40	5.58	25.42	61.76	607	Loamy	Kharif	Nashik	Jowar
80	40	40	5.48	25.42	61.76	1151	Loamy	Kharif	Nashik	Jowar
80	40	40	5.64	25.42	61.76	510	Loamy	Kharif	Nashik	Jowar
80	40	40	5.52	25.42	61.76	15	Loamy	Kharif	Nashik	Jowar
80	40	40	5.48	25.42	61.76	70	Loamy	Kharif	Nashik	Jowar
80	40	40	5.62	25.42	61.76	1543	Alluvial	Kharif	West Bengal	Jute
80	40	40	5.64	25.42	61.76	423	Alluvial	Kharif	West Bengal	Jute
80	40	40	5.56	25.42	61.76	1543	Alluvial	Kharif	West Bengal	Jute
80	40	40	5.54	25.42	61.76	1166	Alluvial	Kharif	West Bengal	Jute
80	40	40	5.48	25.42	61.76	423	Alluvial	Kharif	West Bengal	Jute
80	40	40	5.44	25.42	61.76	1543	Alluvial	Kharif	West Bengal	Jute
80	40	40	5.48	25.42	61.76	1543	Alluvial	Kharif	West Bengal	Jute
80	40	40	5.4	25.42	61.76	1543	Alluvial	Kharif	West Bengal	Jute
80	40	40	5.36	25.42	61.76	1543	Alluvial	Kharif	West Bengal	Jute
80	40	40	5.54	25.42	61.76	840	Alluvial	Kharif	West Bengal	Jute
80	10	40	6.46	25.42	61.76	1111	Loamy	Kharif	Nashik	Ladyfinger
80	10	40	6.62	25.42	61.76	1111	Loamy	Kharif	Nashik	Ladyfinger
80	10	40	6.5	25.42	61.76	1350	Loamy	Kharif	Nashik	Ladyfinger
80	10	40	6.34	25.42	61.76	942	Loamy	Kharif	Nashik	Ladyfinger
80	10	40	6.58	25.42	61.76	1111	Loamy	Kharif	Nashik	Ladyfinger
80	10	40	6.36	25.42	61.76	1111	Loamy	Kharif	Nashik	Ladyfinger
80	10	40	6.36	25.42	61.76	942	Loamy	Kharif	Nashik	Ladyfinger
80	10	40	6.42	25.42	61.76	1037	Loamy	Kharif	Nashik	Ladyfinger
80	10	40	6.48	25.42	61.76	884	Loamy	Kharif	Nashik	Ladyfinger
80	10	40	6.42	25.42	61.76	1037	Loamy	Kharif	Nashik	Ladyfinger
80	40	20	5.38	25.42	61.76	607	Black	Kharif	Vidarbha	Maize
80	40	20	5.42	25.42	61.76	790	Black	Kharif	Vidarbha	Maize
80	40	20	5.52	25.42	61.76	411	Black	Kharif	Vidarbha	Maize
80	40	20	5.52	25.42	61.76	34	Black	Kharif	Vidarbha	Maize
80	40	20	5.56	25.42	61.76	34	Black	Kharif	Vidarbha	Maize
80	40	20	5.58	25.42	61.76	34	Black	Kharif	Vidarbha	Maize
80	40	20	5.52	25.42	61.76	34	Black	Kharif	Vidarbha	Maize
80	40	20	5.44	25.42	61.76	331	Black	Kharif	Vidarbha	Maize
80	40	20	5.48	25.42	61.76	840	Black	Kharif	Vidarbha	Maize
80	40	20	5.42	25.42	61.76	98	Black	Kharif	Vidarbha	Maize
20	20	30	5.12	25.42	61.76	1603	Laterite	Perennial	Konkan	Mango
20	20	30	4.92	25.42	61.76	1111	Laterite	Perennial	Konkan	Mango
20	20	30	4.84	25.42	61.76	1350	Laterite	Perennial	Konkan	Mango
20	20	30	4.88	25.42	61.76	556	Laterite	Perennial	Konkan	Mango
20	20	30	5.14	25.42	61.76	421	Laterite	Perennial	Konkan	Mango
20	20	30	4.82	25.42	61.76	556	Laterite	Perennial	Konkan	Mango
20	20	30	4.82	25.42	61.76	1603	Laterite	Perennial	Konkan	Mango
20	20	30	4.92	25.42	61.76	1111	Laterite	Perennial	Konkan	Mango
20	20	30	5.14	25.42	61.76	714	Laterite	Perennial	Konkan	Mango
20	20	30	4.88	25.42	61.76	1603	Laterite	Perennial	Konkan	Mango
20	40	20	5.6	25.42	61.76	331	Loamy	Kharif	Nashik	Moong
20	40	20	5.5	25.42	61.76	1246	Loamy	Kharif	Nashik	Moong
20	40	20	5.54	25.42	61.76	1011	Loamy	Kharif	Nashik	Moong
20	40	20	5.66	25.42	61.76	790	Loamy	Kharif	Nashik	Moong
20	40	20	5.6	25.42	61.76	654	Loamy	Kharif	Nashik	Moong
20	40	20	5.38	25.42	61.76	207	Loamy	Kharif	Nashik	Moong
20	40	20	5.44	25.42	61.76	790	Loamy	Kharif	Nashik	Moong
20	40	20	5.36	25.42	61.76	579	Loamy	Kharif	Nashik	Moong
20	40	20	5.56	25.42	61.76	1011	Loamy	Kharif	Nashik	Moong
20	40	20	5.62	25.42	61.76	840	Loamy	Kharif	Nashik	Moong
120	60	65	5.94	25.42	61.76	810	Loamy	Kharif	Nashik	Onion
120	60	65	5.98	25.42	61.76	556	Loamy	Kharif	Nashik	Onion
120	60	65	6.02	25.42	61.76	884	Loamy	Kharif	Nashik	Onion
120	60	65	5.9	25.42	61.76	75	Loamy	Kharif	Nashik	Onion
120	60	65	5.82	25.42	61.76	689	Loamy	Kharif	Nashik	Onion
120	60	65	5.98	25.42	61.76	689	Loamy	Kharif	Nashik	Onion
120	60	65	5.82	25.42	61.76	1111	Loamy	Kharif	Nashik	Onion
120	60	65	6	25.42	61.76	1111	Loamy	Kharif	Nashik	Onion
120	60	65	5.94	25.42	61.76	1026	Loamy	Kharif	Nashik	Onion
120	60	65	5.86	25.42	61.76	1299	Loamy	Kharif	Nashik	Onion
20	10	10	4.04	25.42	61.76	2169	Black	Perennial	Vidarbha	Orange
20	10	10	4.04	25.42	61.76	2169	Black	Perennial	Vidarbha	Orange
20	10	10	4.18	25.42	61.76	2169	Black	Perennial	Vidarbha	Orange
20	10	10	3.86	25.42	61.76	2169	Black	Perennial	Vidarbha	Orange
20	10	10	4.16	25.42	61.76	1111	Black	Perennial	Vidarbha	Orange
20	10	10	3.92	25.42	61.76	1037	Black	Perennial	Vidarbha	Orange
20	10	10	4.16	25.42	61.76	1111	Black	Perennial	Vidarbha	Orange
20	10	10	4	25.42	61.76	1350	Black	Perennial	Vidarbha	Orange
20	10	10	4.16	25.42	61.76	1037	Black	Perennial	Vidarbha	Orange
20	10	10	3.92	25.42	61.76	1037	Black	Perennial	Vidarbha	Orange
50	50	50	6.08	25.42	61.76	556	Loamy	Perennial	Konkan	Papaya
50	50	50	5.92	25.42	61.76	1299	Loamy	Perennial	Konkan	Papaya
50	50	50	6.14	25.42	61.76	2169	Loamy	Perennial	Konkan	Papaya
50	50	50	5.88	25.42	61.76	2169	Loamy	Perennial	Konkan	Papaya
50	50	50	6	25.42	61.76	884	Loamy	Perennial	Konkan	Papaya
50	50	50	6.16	25.42	61.76	2169	Loamy	Perennial	Konkan	Papaya
50	50	50	5.94	25.42	61.76	2169	Loamy	Perennial	Konkan	Papaya
50	50	50	5.84	25.42	61.76	556	Loamy	Perennial	Konkan	Papaya
50	50	50	6.1	25.42	61.76	556	Loamy	Perennial	Konkan	Papaya
50	50	50	6.16	25.42	61.76	1603	Loamy	Perennial	Konkan	Papaya
160	40	120	6.5	25.42	61.76	884	Loamy	Kharif	Nashik	Pineapple
160	40	120	6.54	25.42	61.76	2817	Loamy	Kharif	Nashik	Pineapple
160	40	120	6.58	25.42	61.76	1350	Loamy	Kharif	Nashik	Pineapple
160	40	120	6.34	25.42	61.76	2169	Loamy	Kharif	Nashik	Pineapple
160	40	120	6.4	25.42	61.76	2169	Loamy	Kharif	Nashik	Pineapple
160	40	120	6.6	25.42	61.76	2169	Loamy	Kharif	Nashik	Pineapple
160	40	120	6.4	25.42	61.76	2169	Loamy	Kharif	Nashik	Pineapple
160	40	120	6.42	25.42	61.76	1050	Loamy	Kharif	Nashik	Pineapple
160	40	120	6.36	25.42	61.76	2169	Loamy	Kharif	Nashik	Pineapple
160	40	120	6.5	25.42	61.76	1050	Loamy	Kharif	Nashik	Pineapple
180	60	90	4.82	25.42	61.76	840	Loamy	Kharif	Nashik	Potato
180	60	90	5.08	25.42	61.76	810	Loamy	Kharif	Nashik	Potato
180	60	90	5.1	25.42	61.76	35	Loamy	Kharif	Nashik	Potato
180	60	90	4.98	25.42	61.76	169	Loamy	Kharif	Nashik	Potato
180	60	90	4.96	25.42	61.76	689	Loamy	Kharif	Nashik	Potato
180	60	90	4.86	25.42	61.76	1110	Loamy	Kharif	Nashik	Potato
180	60	90	4.96	25.42	61.76	169	Loamy	Kharif	Nashik	Potato
180	60	90	4.86	25.42	61.76	556	Loamy	Kharif	Nashik	Potato
180	60	90	4.86	25.42	61.76	167	Loamy	Kharif	Nashik	Potato
180	60	90	5.18	25.42	61.76	1111	Loamy	Kharif	Nashik	Potato
80	50	30	5.42	25.42	61.76	884	Loamy	Kharif	Nashik	Pumpkin
80	50	30	5.58	25.42	61.76	884	Loamy	Kharif	Nashik	Pumpkin
80	50	30	5.64	25.42	61.76	884	Loamy	Kharif	Nashik	Pumpkin
80	50	30	5.58	25.42	61.76	884	Loamy	Kharif	Nashik	Pumpkin
80	50	30	5.64	25.42	61.76	884	Loamy	Kharif	Nashik	Pumpkin
80	50	30	5.5	25.42	61.76	884	Loamy	Kharif	Nashik	Pumpkin
80	50	30	5.68	25.42	61.76	884	Loamy	Kharif	Nashik	Pumpkin
80	50	30	5.34	25.42	61.76	884	Loamy	Kharif	Nashik	Pumpkin
80	50	30	5.52	25.42	61.76	884	Loamy	Kharif	Nashik	Pumpkin
80	50	30	5.52	25.42	61.76	884	Loamy	Kharif	Nashik	Pumpkin
25	100	50	5.96	25.42	61.76	1350	Loamy	Kharif	Nashik	Radish
25	100	50	5.82	25.42	61.76	1350	Loamy	Kharif	Nashik	Radish
25	100	50	6.06	25.42	61.76	884	Loamy	Kharif	Nashik	Radish
25	100	50	5.92	25.42	61.76	1350	Loamy	Kharif	Nashik	Radish
25	100	50	5.92	25.42	61.76	1350	Loamy	Kharif	Nashik	Radish
25	100	50	5.84	25.42	61.76	1350	Loamy	Kharif	Nashik	Radish
25	100	50	6.06	25.42	61.76	884	Loamy	Kharif	Nashik	Radish
25	100	50	5.86	25.42	61.76	884	Loamy	Kharif	Nashik	Radish
25	100	50	6.06	25.42	61.76	1350	Loamy	Kharif	Nashik	Radish
25	100	50	6.12	25.42	61.76	884	Loamy	Kharif	Nashik	Radish
50	40	20	5.68	25.42	61.76	157	Loamy	Kharif	Nashik	Ragi
50	40	20	5.62	25.42	61.76	199	Loamy	Kharif	Nashik	Ragi
50	40	20	5.66	25.42	61.76	1246	Loamy	Kharif	Nashik	Ragi
50	40	20	5.54	25.42	61.76	1145	Loamy	Kharif	Nashik	Ragi
50	40	20	5.38	25.42	61.76	1151	Loamy	Kharif	Nashik	Ragi
50	40	20	5.46	25.42	61.76	840	Loamy	Kharif	Nashik	Ragi
50	40	20	5.58	25.42	61.76	297	Loamy	Kharif	Nashik	Ragi
50	40	20	5.66	25.42	61.76	288	Loamy	Kharif	Nashik	Ragi
50	40	20	5.34	25.42	61.76	75	Loamy	Kharif	Nashik	Ragi
50	40	20	5.6	25.42	61.76	167	Loamy	Kharif	Nashik	Ragi
50	40	20	4.84	25.42	61.76	75	Loamy	Kharif	Nashik	Rapeseed
50	40	20	5.14	25.42	61.76	73	Loamy	Kharif	Nashik	Rapeseed
50	40	20	5.12	25.42	61.76	70	Loamy	Kharif	Nashik	Rapeseed
50	40	20	4.92	25.42	61.76	240	Loamy	Kharif	Nashik	Rapeseed
50	40	20	4.84	25.42	61.76	75	Loamy	Kharif	Nashik	Rapeseed
50	40	20	5	25.42	61.76	152	Loamy	Kharif	Nashik	Rapeseed
50	40	20	4.9	25.42	61.76	199	Loamy	Kharif	Nashik	Rapeseed
50	40	20	5.18	25.42	61.76	19	Loamy	Kharif	Nashik	Rapeseed
50	40	20	5.18	25.42	61.76	167	Loamy	Kharif	Nashik	Rapeseed
50	40	20	4.9	25.42	61.76	70	Loamy	Kharif	Nashik	Rapeseed
80	40	40	5.62	25.42	61.76	330	Alluvial	Kharif	Konkan	Rice
80	40	40	5.5	25.42	61.76	1246	Alluvial	Kharif	Konkan	Rice
80	40	40	5.46	25.42	61.76	330	Alluvial	Kharif	Konkan	Rice
80	40	40	5.58	25.42	61.76	790	Alluvial	Kharif	Konkan	Rice
80	40	40	5.44	25.42	61.76	1543	Alluvial	Kharif	Konkan	Rice
80	40	40	5.54	25.42	61.76	85	Alluvial	Kharif	Konkan	Rice
80	40	40	5.34	25.42	61.76	1997	Alluvial	Kharif	Konkan	Rice
80	40	40	5.32	25.42	61.76	331	Alluvial	Kharif	Konkan	Rice
80	40	40	5.38	25.42	61.76	790	Alluvial	Kharif	Konkan	Rice
80	40	40	5.48	25.42	61.76	297	Alluvial	Kharif	Konkan	Rice
20	60	20	5.34	25.42	61.76	1011	Loamy	Kharif	Nashik	Soyabean
20	60	20	5.52	25.42	61.76	1011	Loamy	Kharif	Nashik	Soyabean
20	60	20	5.48	25.42	61.76	607	Loamy	Kharif	Nashik	Soyabean
20	60	20	5.44	25.42	61.76	1246	Loamy	Kharif	Nashik	Soyabean
20	60	20	5.54	25.42	61.76	1011	Loamy	Kharif	Nashik	Soyabean
20	60	20	5.66	25.42	61.76	510	Loamy	Kharif	Nashik	Soyabean
20	60	20	5.52	25.42	61.76	1151	Loamy	Kharif	Nashik	Soyabean
20	60	20	5.34	25.42	61.76	579	Loamy	Kharif	Nashik	Soyabean
20	60	20	5.4	25.42	61.76	1011	Loamy	Kharif	Nashik	Soyabean
20	60	20	5.62	25.42	61.76	1246	Loamy	Kharif	Nashik	Soyabean
50	60	30	5.54	25.42	61.76	654	Loamy	Kharif	Nashik	Sunflower
50	60	30	5.5	25.42	61.76	199	Loamy	Kharif	Nashik	Sunflower
50	60	30	5.36	25.42	61.76	167	Loamy	Kharif	Nashik	Sunflower
50	60	30	5.58	25.42	61.76	1011	Loamy	Kharif	Nashik	Sunflower
50	60	30	5.34	25.42	61.76	37	Loamy	Kharif	Nashik	Sunflower
50	60	30	5.38	25.42	61.76	1011	Loamy	Kharif	Nashik	Sunflower
50	60	30	5.34	25.42	61.76	297	Loamy	Kharif	Nashik	Sunflower
50	60	30	5.54	25.42	61.76	199	Loamy	Kharif	Nashik	Sunflower
50	60	30	5.66	25.42	61.76	157	Loamy	Kharif	Nashik	Sunflower
50	60	30	5.4	25.42	61.76	34	Loamy	Kharif	Nashik	Sunflower
90	20	120	4.84	25.42	61.76	2169	Loamy	Kharif	Nashik	Sweetpotato
90	20	120	4.94	25.42	61.76	579	Loamy	Kharif	Nashik	Sweetpotato
90	20	120	4.9	25.42	61.76	1299	Loamy	Kharif	Nashik	Sweetpotato
90	20	120	5.16	25.42	61.76	556	Loamy	Kharif	Nashik	Sweetpotato
90	20	120	4.94	25.42	61.76	2817	Loamy	Kharif	Nashik	Sweetpotato
90	20	120	5.18	25.42	61.76	942	Loamy	Kharif	Nashik	Sweetpotato
90	20	120	4.98	25.42	61.76	1426	Loamy	Kharif	Nashik	Sweetpotato
90	20	120	5.02	25.42	61.76	1111	Loamy	Kharif	Nashik	Sweetpotato
90	20	120	5.14	25.42	61.76	1111	Loamy	Kharif	Nashik	Sweetpotato
90	20	120	5	25.42	61.76	1026	Loamy	Kharif	Nashik	Sweetpotato
100	40	90	6.1	25.42	61.76	1037	Loamy	Kharif	Nashik	Tomato
100	40	90	6.04	25.42	61.76	1037	Loamy	Kharif	Nashik	Tomato
100	40	90	6.16	25.42	61.76	714	Loamy	Kharif	Nashik	Tomato
100	40	90	6	25.42	61.76	884	Loamy	Kharif	Nashik	Tomato
100	40	90	5.86	25.42	61.76	942	Loamy	Kharif	Nashik	Tomato
100	40	90	5.94	25.42	61.76	1111	Loamy	Kharif	Nashik	Tomato
100	40	90	6	25.42	61.76	1111	Loamy	Kharif	Nashik	Tomato
100	40	90	6	25.42	61.76	1111	Loamy	Kharif	Nashik	Tomato
100	40	90	6.08	25.42	61.76	1111	Loamy	Kharif	Nashik	Tomato
100	40	90	5.88	25.42	61.76	1111	Loamy	Kharif	Nashik	Tomato
25	60	100	5.04	25.42	61.76	2817	Loamy	Kharif	Nashik	Turmeric
25	60	100	5.1	25.42	61.76	2817	Loamy	Kharif	Nashik	Turmeric
25	60	100	5.08	25.42	61.76	1050	Loamy	Kharif	Nashik	Turmeric
25	60	100	5.18	25.42	61.76	1426	Loamy	Kharif	Nashik	Turmeric
25	60	100	4.9	25.42	61.76	75	Loamy	Kharif	Nashik	Turmeric
25	60	100	5	25.42	61.76	1299	Loamy	Kharif	Nashik	Turmeric
25	60	100	5.16	25.42	61.76	884	Loamy	Kharif	Nashik	Turmeric
25	60	100	5.18	25.42	61.76	942	Loamy	Kharif	Nashik	Turmeric
25	60	100	4.92	25.42	61.76	2169	Loamy	Kharif	Nashik	Turmeric
25	60	100	4.96	25.42	61.76	1037	Loamy	Kharif	Nashik	Turmeric
60	30	30	6.1	25.42	61.76	70	Loamy	Kharif	Nashik	Wheat
60	30	30	6.8	25.42	61.76	240	Loamy	Kharif	Nashik	Wheat
60	30	30	7	25.42	61.76	41	Loamy	Kharif	Nashik	Wheat
60	30	30	6.6	25.42	61.76	15	Loamy	Kharif	Nashik	Wheat
60	30	30	6.7	25.42	61.76	87	Loamy	Kharif	Nashik	Wheat
60	30	30	6.1	25.42	61.76	1111	Loamy	Kharif	Nashik	Wheat
60	30	30	6.11	25.42	61.76	75	Loamy	Kharif	Nashik	Wheat
60	30	30	6.3	25.42	61.76	73	Loamy	Kharif	Nashik	Wheat
60	30	30	6.12	25.42	61.76	113	Loamy	Kharif	Nashik	Wheat
60	30	30	6.5	25.42	61.76	15	Loamy	Kharif	Nashik	Wheat
10	45	39	5.58	21.9	55.29	187	Alluvial	Kharif	Konkan	Rice
30	25	17	7.14	18.68	63.95	187	Loamy	Kharif	Nashik	Wheat
29	27	35	5.66	15.39	67.84	187	Alluvial	Kharif	Konkan	Rice
16	26	26	5.58	22.78	58.19	187	Alluvial	Kharif	Konkan	Rice
10	37	37	5.92	18.1	63.77	187	Alluvial	Kharif	Konkan	Rice
10	15	21	6.16	22.55	46.39	187	Alluvial	Kharif	Konkan	Rice
28	32	39	7.08	17.95	56.91	187	Loamy	Kharif	Nashik	Wheat
15	10	24	6.11	16.3	56.33	187	Alluvial	Kharif	Konkan	Rice
45	47	12	6.49	16.69	47.54	187	Alluvial	Kharif	Konkan	Rice
44	39	38	5.58	23.62	65.62	187	Alluvial	Kharif	Konkan	Rice
47	29	43	5.66	22.68	56.82	187	Alluvial	Kharif	Konkan	Rice
38	36	44	6.28	16.14	58.53	187	Alluvial	Kharif	Konkan	Rice
37	33	13	7.32	22.38	57.75	187	Loamy	Kharif	Nashik	Wheat
23	20	47	6.74	19.53	47.51	187	Loamy	Kharif	Nashik	Wheat
20	21	42	5.83	17.82	45.88	187	Alluvial	Kharif	Konkan	Rice
38	46	20	5.94	19.75	52.07	187	Alluvial	Kharif	Konkan	Rice
43	24	18	6.07	23.89	45.21	187	Alluvial	Kharif	Konkan	Rice
38	29	49	6.15	22.76	40.84	187	Alluvial	Kharif	Konkan	Rice
19	24	24	6	19.19	61.67	187	Alluvial	Kharif	Konkan	Rice
18	40	48	6.02	15.56	40.67	187	Alluvial	Kharif	Konkan	Rice
43	23	19	6.15	23.66	63.7	187	Alluvial	Kharif	Konkan	Rice
33	19	13	6.24	24.57	47.26	187	Alluvial	Kharif	Konkan	Rice
23	30	24	6.45	16.44	62.83	187	Alluvial	Kharif	Konkan	Rice
41	31	25	6.96	19.75	50.56	187	Loamy	Kharif	Nashik	Wheat
37	44	28	5.95	15.07	63.68	187	Alluvial	Kharif	Konkan	Rice
30	39	17	6.6	23.92	42.02	187	Loamy	Kharif	Nashik	Wheat
41	44	47	6.2	24.91	40.26	187	Alluvial	Kharif	Konkan	Rice
49	21	28	5.79	22.23	44.47	187	Alluvial	Kharif	Konkan	Rice
13	10	26	5.98	17.59	63.93	187	Alluvial	Kharif	Konkan	Rice
48	35	16	6.24	19.25	42.41	187	Alluvial	Kharif	Konkan	Rice
46	14	15	5.92	19.23	59.99	187	Alluvial	Kharif	Konkan	Rice
35	25	49	6.78	17.27	69.69	187	Loamy	Kharif	Nashik	Wheat
29	42	38	6.16	25	53.79	187	Alluvial	Kharif	Konkan	Rice
11	24	29	6.98	15.8	51.54	187	Loamy	Kharif	Nashik	Wheat
45	21	31	6.89	17.14	50.5	187	Loamy	Kharif	Nashik	Wheat
39	11	18	6.75	22.47	66.15	187	Loamy	Kharif	Nashik	Wheat
15	39	31	7.31	17.31	66.98	187	Loamy	Kharif	Nashik	Wheat
13	45	49	7.38	16.24	43.61	187	Loamy	Kharif	Nashik	Wheat
14	31	34	5.79	20.44	50.63	187	Alluvial	Kharif	Konkan	Rice
46	20	43	6.46	21.83	67.05	187	Alluvial	Kharif	Konkan	Rice
33	21	32	5.95	18.62	44.81	187	Alluvial	Kharif	Konkan	Rice
38	13	23	7.3	20.7	68.14	187	Loamy	Kharif	Nashik	Wheat
25	21	27	7.01	16.27	56.05	187	Loamy	Kharif	Nashik	Wheat
40	31	15	7.26	15.21	68.02	187	Loamy	Kharif	Nashik	Wheat
40	26	11	7.4	23.84	54.47	187	Loamy	Kharif	Nashik	Wheat
16	48	44	6.64	15.13	53.38	187	Loamy	Kharif	Nashik	Wheat
35	18	13	6.8	19.03	61.67	187	Loamy	Kharif	Nashik	Wheat
14	46	12	7.1	17.68	47.97	187	Loamy	Kharif	Nashik	Wheat
33	24	23	7.34	22.59	44.44	187	Loamy	Kharif	Nashik	Wheat
30	43	26	6.76	18.53	67.35	187	Loamy	Kharif	Nashik	Wheat
32	29	23	6.89	19.14	69.49	187	Loamy	Kharif	Nashik	Wheat
16	16	43	6.05	20.92	41.14	187	Alluvial	Kharif	Konkan	Rice
35	16	32	5.65	21.3	52.44	187	Alluvial	Kharif	Konkan	Rice
20	42	11	6.95	23.19	68.75	187	Loamy	Kharif	Nashik	Wheat
24	12	25	5.87	22.23	51.04	187	Alluvial	Kharif	Konkan	Rice
46	24	22	5.53	22.83	60.22	187	Alluvial	Kharif	Konkan	Rice
30	42	26	6.49	23.6	42.27	187	Alluvial	Kharif	Konkan	Rice
47	28	44	6.64	15.25	47.19	187	Loamy	Kharif	Nashik	Wheat
30	35	26	6.34	23.07	58.64	187	Alluvial	Kharif	Konkan	Rice
49	29	33	6.94	19.29	51.71	187	Loamy	Kharif	Nashik	Wheat
12	12	25	6.18	19.9	46.6	187	Alluvial	Kharif	Konkan	Rice
22	44	48	6.51	22.96	63.87	187	Loamy	Kharif	Nashik	Wheat
13	39	23	5.86	20.97	59.18	187	Alluvial	Kharif	Konkan	Rice
10	27	39	6.86	24.43	57.71	187	Loamy	Kharif	Nashik	Wheat
31	35	40	7.16	21.73	66.88	187	Loamy	Kharif	Nashik	Wheat
16	36	29	6.06	23.51	62.77	187	Alluvial	Kharif	Konkan	Rice
16	23	13	5.54	19.09	62.26	187	Alluvial	Kharif	Konkan	Rice
12	11	37	6.81	17.85	53.18	187	Loamy	Kharif	Nashik	Wheat
15	31	34	6.73	21.24	69.89	187	Loamy	Kharif	Nashik	Wheat
33	16	45	6.76	24.22	43.27	187	Loamy	Kharif	Nashik	Wheat
30	34	33	6.76	15.52	53.94	187	Loamy	Kharif	Nashik	Wheat
16	27	13	6.23	20.7	48.64	187	Alluvial	Kharif	Konkan	Rice
32	42	15	6.7	20.8	55.95	187	Loamy	Kharif	Nashik	Wheat
37	13	26	7.25	22.15	40.09	187	Loamy	Kharif	Nashik	Wheat
31	41	11	7.06	20.55	44.31	187	Loamy	Kharif	Nashik	Wheat
17	47	31	5.72	15.94	55.84	187	Alluvial	Kharif	Konkan	Rice
45	47	34	5.56	24.48	56.63	187	Alluvial	Kharif	Konkan	Rice
17	21	27	7.37	15.5	58.78	187	Loamy	Kharif	Nashik	Wheat
38	32	10	6.81	21.36	68.03	187	Loamy	Kharif	Nashik	Wheat
13	26	20	6.69	17.97	62.5	187	Loamy	Kharif	Nashik	Wheat
39	36	45	6.79	19.08	45.74	187	Loamy	Kharif	Nashik	Wheat
18	32	10	7.4	22.07	60.16	187	Loamy	Kharif	Nashik	Wheat
28	20	31	6.72	24.75	48.73	187	Loamy	Kharif	Nashik	Wheat
15	19	28	6.88	19.88	56.89	187	Loamy	Kharif	Nashik	Wheat
22	23	36	6.41	17.85	44.47	187	Alluvial	Kharif	Konkan	Rice
33	16	25	6.63	15.7	58.89	187	Loamy	Kharif	Nashik	Wheat
31	16	15	6.01	21.56	51.24	187	Alluvial	Kharif	Konkan	Rice
31	30	29	7.27	20.68	68.01	187	Loamy	Kharif	Nashik	Wheat
46	32	17	7.45	24.09	66.92	187	Loamy	Kharif	Nashik	Wheat
32	44	37	6.95	23.11	56.79	187	Loamy	Kharif	Nashik	Wheat
49	20	43	6.76	17.26	62.53	187	Loamy	Kharif	Nashik	Wheat
23	23	16	5.54	22.35	41.61	187	Alluvial	Kharif	Konkan	Rice
46	21	23	6.96	17.05	54.62	187	Loamy	Kharif	Nashik	Wheat
19	10	34	7.4	24.55	60.33	187	Loamy	Kharif	Nashik	Wheat
35	29	36	5.67	24.17	44.89	187	Alluvial	Kharif	Konkan	Rice
23	37	24	6.62	18.79	50.78	187	Loamy	Kharif	Nashik	Wheat
49	46	21	7.05	16	48.07	187	Loamy	Kharif	Nashik	Wheat
12	47	22	7.28	21.54	49.21	187	Loamy	Kharif	Nashik	Wheat
21	43	33	6.11	16.46	54.5	187	Alluvial	Kharif	Konkan	Rice
17	34	18	7.19	15.97	68.88	187	Loamy	Kharif	Nashik	Wheat
17	11	19	5.63	17.25	44.06	187	Alluvial	Kharif	Konkan	Rice
38	23	42	6.33	21.65	69.38	187	Alluvial	Kharif	Konkan	Rice
14	39	36	6.42	19.5	63.08	187	Alluvial	Kharif	Konkan	Rice
16	29	21	5.59	16.21	66.02	187	Alluvial	Kharif	Konkan	Rice
42	40	16	7.03	21.25	62.06	187	Loamy	Kharif	Nashik	Wheat
39	30	31	5.62	15.96	53.68	187	Alluvial	Kharif	Konkan	Rice
11	25	40	6.77	21.65	58.41	187	Loamy	Kharif	Nashik	Wheat
25	33	24	5.67	19.05	44.66	187	Alluvial	Kharif	Konkan	Rice
49	44	10	6.21	17.94	41.13	187	Alluvial	Kharif	Konkan	Rice
48	11	27	6.6	23.14	69.64	187	Loamy	Kharif	Nashik	Wheat
45	26	24	5.9	24.33	54.31	187	Alluvial	Kharif	Konkan	Rice
21	49	23	6.23	16.88	41.39	187	Alluvial	Kharif	Konkan	Rice
29	16	43	6.97	18.5	61.84	187	Loamy	Kharif	Nashik	Wheat
37	19	34	6.02	20.3	43.82	187	Alluvial	Kharif	Konkan	Rice
43	45	35	6.12	17.45	59.76	187	Alluvial	Kharif	Konkan	Rice
28	22	14	6.28	20.8	53.55	187	Alluvial	Kharif	Konkan	Rice
22	45	38	7.4	20.06	61.81	187	Loamy	Kharif	Nashik	Wheat
40	12	11	7.22	20.03	61.28	187	Loamy	Kharif	Nashik	Wheat
35	24	37	6.6	17.51	63.83	187	Loamy	Kharif	Nashik	Wheat
31	30	33	7.5	20.15	42.96	187	Loamy	Kharif	Nashik	Wheat
12	14	44	7.03	19.52	66.29	187	Loamy	Kharif	Nashik	Wheat
47	19	33	7.15	24.78	51.41	187	Loamy	Kharif	Nashik	Wheat
22	44	26	6.63	19.89	66.77	187	Loamy	Kharif	Nashik	Wheat
22	23	43	6.59	20.94	52.97	187	Loamy	Kharif	Nashik	Wheat
12	16	21	5.97	22.24	43.78	187	Alluvial	Kharif	Konkan	Rice
39	38	48	5.93	15.83	60.52	187	Alluvial	Kharif	Konkan	Rice
47	46	30	6.93	18.69	59.31	187	Loamy	Kharif	Nashik	Wheat
42	42	30	6.45	21.62	44.45	187	Alluvial	Kharif	Konkan	Rice
26	23	37	5.64	17	50.51	187	Alluvial	Kharif	Konkan	Rice
31	19	31	7.13	18.75	61.8	187	Loamy	Kharif	Nashik	Wheat
40	15	22	7.16	23.38	47.17	187	Loamy	Kharif	Nashik	Wheat
30	48	22	6.54	16.41	44.24	187	Loamy	Kharif	Nashik	Wheat
39	34	31	7.07	17.18	44.52	187	Loamy	Kharif	Nashik	Wheat
44	40	20	5.7	18.77	65.41	187	Alluvial	Kharif	Konkan	Rice
29	24	16	6.05	22.67	54.9	187	Alluvial	Kharif	Konkan	Rice
11	45	16	5.99	21.15	41.13	187	Alluvial	Kharif	Konkan	Rice
21	15	15	5.79	15.16	60.49	187	Alluvial	Kharif	Konkan	Rice
44	21	33	6.83	20.04	46.55	187	Loamy	Kharif	Nashik	Wheat
17	26	25	6.43	20.45	66.72	187	Alluvial	Kharif	Konkan	Rice
34	10	48	6.75	19.82	46.92	187	Loamy	Kharif	Nashik	Wheat
22	32	29	7.15	23.96	49.21	187	Loamy	Kharif	Nashik	Wheat
33	21	18	5.73	15.79	68.1	187	Alluvial	Kharif	Konkan	Rice
34	17	31	5.66	22.09	52.82	187	Alluvial	Kharif	Konkan	Rice
17	47	49	5.7	24.24	63.01	187	Alluvial	Kharif	Konkan	Rice
32	44	32	7.38	18.19	52.11	187	Loamy	Kharif	Nashik	Wheat
24	39	15	7.04	24.48	46.26	187	Loamy	Kharif	Nashik	Wheat
19	32	13	6.84	18.12	56.62	187	Loamy	Kharif	Nashik	Wheat
30	42	28	6.43	16.61	48.73	187	Alluvial	Kharif	Konkan	Rice
11	22	45	5.83	16.63	53.89	187	Alluvial	Kharif	Konkan	Rice
45	43	19	5.64	16.05	44.57	187	Alluvial	Kharif	Konkan	Rice
24	16	16	6.75	22.62	42.64	187	Loamy	Kharif	Nashik	Wheat
27	49	22	6.41	21.66	48	187	Alluvial	Kharif	Konkan	Rice
44	19	44	6.18	18.2	59.99	187	Alluvial	Kharif	Konkan	Rice
12	48	39	7.07	17.21	67.12	187	Loamy	Kharif	Nashik	Wheat
20	36	31	7.25	21.04	52.11	187	Loamy	Kharif	Nashik	Wheat
34	43	37	6.36	18.8	61.06	187	Alluvial	Kharif	Konkan	Rice
15	37	33	6.96	16.09	54.95	187	Loamy	Kharif	Nashik	Wheat
20	21	18	5.98	21.35	47.82	187	Alluvial	Kharif	Konkan	Rice
43	30	23	7.4	18.22	57.95	187	Loamy	Kharif	Nashik	Wheat
23	24	25	6.68	17.56	61.94	187	Loamy	Kharif	Nashik	Wheat
30	32	34	6.81	21.2	47.44	187	Loamy	Kharif	Nashik	Wheat
44	27	23	5.54	23.6	59.31	187	Alluvial	Kharif	Konkan	Rice
27	47	13	5.7	19.13	69.28	187	Alluvial	Kharif	Konkan	Rice
48	40	10	6.09	24.04	49.21	187	Alluvial	Kharif	Konkan	Rice
15	40	17	7.29	15.99	58.33	187	Loamy	Kharif	Nashik	Wheat
24	27	44	5.89	24.36	67.95	187	Alluvial	Kharif	Konkan	Rice
14	23	14	6.91	24.85	62.28	187	Loamy	Kharif	Nashik	Wheat
40	44	33	6.49	24.81	44.86	187	Alluvial	Kharif	Konkan	Rice
19	32	29	6.93	23.83	57.02	187	Loamy	Kharif	Nashik	Wheat
14	13	14	6.69	24.39	63.1	187	Loamy	Kharif	Nashik	Wheat
21	43	24	6.31	19.01	46.37	187	Alluvial	Kharif	Konkan	Rice
39	33	15	6.38	17.54	50.84	187	Alluvial	Kharif	Konkan	Rice
29	28	43	6.45	23.14	69.17	187	Alluvial	Kharif	Konkan	Rice
41	27	14	7.33	21.08	41.89	187	Loamy	Kharif	Nashik	Wheat
16	19	26	6.16	20.88	49.87	187	Alluvial	Kharif	Konkan	Rice
21	38	30	7.21	17.7	57.37	187	Loamy	Kharif	Nashik	Wheat
47	10	26	5.87	24.22	66.26	187	Alluvial	Kharif	Konkan	Rice
42	23	39	7.22	18.01	50.55	187	Loamy	Kharif	Nashik	Wheat
29	31	15	7.06	16.68	68.73	187	Loamy	Kharif	Nashik	Wheat
48	22	43	7.5	19.26	64.72	187	Loamy	Kharif	Nashik	Wheat
23	10	41	6.85	24.93	52.44	187	Loamy	Kharif	Nashik	Wheat
22	40	15	7.03	19.16	64.75	187	Loamy	Kharif	Nashik	Wheat
21	42	49	7.37	23.25	46.87	187	Loamy	Kharif	Nashik	Wheat
32	48	46	6.92	21.46	68.5	187	Loamy	Kharif	Nashik	Wheat
25	32	19	7.16	21.71	45.95	187	Loamy	Kharif	Nashik	Wheat
47	24	16	6.26	20.35	51.41	187	Alluvial	Kharif	Konkan	Rice
16	25	15	7.18	22.57	46.12	187	Loamy	Kharif	Nashik	Wheat
22	30	46	7.04	19.79	66.27	187	Loamy	Kharif	Nashik	Wheat
19	15	17	6.52	18.65	40.64	187	Loamy	Kharif	Nashik	Wheat
10	37	32	6.6	18.95	41.19	187	Loamy	Kharif	Nashik	Wheat
49	28	26	7.37	19.33	51.42	187	Loamy	Kharif	Nashik	Wheat
20	13	45	7.08	19.17	40.85	187	Loamy	Kharif	Nashik	Wheat
13	16	31	5.94	22.16	68.55	187	Alluvial	Kharif	Konkan	Rice
23	25	37	5.57	23.27	67.82	187	Alluvial	Kharif	Konkan	Rice
39	26	43	6.09	17.88	41.09	187	Alluvial	Kharif	Konkan	Rice
10	28	40	6.77	22.57	45.1	187	Loamy	Kharif	Nashik	Wheat
14	30	29	5.97	20.45	42.02	187	Alluvial	Kharif	Konkan	Rice
21	41	21	7.25	15.61	47.88	187	Loamy	Kharif	Nashik	Wheat
45	39	16	6.26	16.64	42.56	187	Alluvial	Kharif	Konkan	Rice
32	48	49	6.09	18.91	68.15	187	Alluvial	Kharif	Konkan	Rice
42	39	19	6.93	18.22	52.68	187	Loamy	Kharif	Nashik	Wheat
30	41	36	6.09	24.75	58.3	187	Alluvial	Kharif	Konkan	Rice
23	43	30	7.41	21.13	43.45	187	Loamy	Kharif	Nashik	Wheat
44	12	45	7.1	22.92	53.39	187	Loamy	Kharif	Nashik	Wheat
37	49	10	6.42	23.81	41.78	187	Alluvial	Kharif	Konkan	Rice
30	40	30	7.2	22.86	49.14	187	Loamy	Kharif	Nashik	Wheat
23	24	49	5.66	23.74	69.24	187	Alluvial	Kharif	Konkan	Rice
31	31	29	6.83	24.8	46.31	187	Loamy	Kharif	Nashik	Wheat
28	35	30	5.69	23.89	41.37	187	Alluvial	Kharif	Konkan	Rice
10	15	41	6.06	23.64	57.38	187	Alluvial	Kharif	Konkan	Rice
18	17	41	6.35	22.85	68.92	187	Alluvial	Kharif	Konkan	Rice
25	49	18	7.18	24.95	51.66	187	Loamy	Kharif	Nashik	Wheat
24	41	13	5.66	16.38	67.9	187	Alluvial	Kharif	Konkan	Rice
12	23	30	7.01	24.65	53.86	187	Loamy	Kharif	Nashik	Wheat
34	40	14	7.16	23.17	46.93	187	Loamy	Kharif	Nashik	Wheat
29	45	22	6.11	15.63	54.73	187	Alluvial	Kharif	Konkan	Rice
42	32	36	5.78	16.85	41.66	187	Alluvial	Kharif	Konkan	Rice
48	26	45	5.76	20.16	64.29	187	Alluvial	Kharif	Konkan	Rice
22	24	26	6.09	22.2	61.29	187	Alluvial	Kharif	Konkan	Rice
11	39	18	6.05	21.59	41.19	187	Alluvial	Kharif	Konkan	Rice
48	11	19	6.28	21.42	64.06	187	Alluvial	Kharif	Konkan	Rice
12	12	41	6.8	20.07	47.61	187	Loamy	Kharif	Nashik	Wheat
14	10	48	6.92	18.56	66.36	187	Loamy	Kharif	Nashik	Wheat
46	22	18	7.22	15.51	68.23	187	Loamy	Kharif	Nashik	Wheat
11	13	15	5.62	19.45	48.22	187	Alluvial	Kharif	Konkan	Rice
15	19	20	7.44	17.31	52.01	187	Loamy	Kharif	Nashik	Wheat
20	12	25	5.62	16.26	61.47	187	Alluvial	Kharif	Konkan	Rice
23	10	19	6.65	23.24	52.88	187	Loamy	Kharif	Nashik	Wheat
35	49	18	5.66	16.2	44.12	187	Alluvial	Kharif	Konkan	Rice
11	37	40	6.87	23.83	41.56	187	Loamy	Kharif	Nashik	Wheat
24	14	46	6.87	15.19	57.15	187	Loamy	Kharif	Nashik	Wheat
22	45	10	5.88	16.46	56.68	187	Alluvial	Kharif	Konkan	Rice
41	35	43	6.48	18.79	69.32	187	Alluvial	Kharif	Konkan	Rice
24	26	23	6.59	15.15	56.18	187	Loamy	Kharif	Nashik	Wheat
42	14	14	6.84	21.3	44.46	187	Loamy	Kharif	Nashik	Wheat
30	33	32	5.71	21.56	64.71	187	Alluvial	Kharif	Konkan	Rice
30	23	10	6.05	16.47	41.14	187	Alluvial	Kharif	Konkan	Rice
12	38	49	5.96	17.09	44.85	187	Alluvial	Kharif	Konkan	Rice
45	47	46	6.53	16.15	45.49	187	Loamy	Kharif	Nashik	Wheat
39	16	25	5.72	16.78	46.24	187	Alluvial	Kharif	Konkan	Rice
37	20	33	6.75	15.38	45.28	187	Loamy	Kharif	Nashik	Wheat
41	34	38	6.11	17.07	47.63	187	Alluvial	Kharif	Konkan	Rice
45	46	49	6.39	17.74	48.35	187	Alluvial	Kharif	Konkan	Rice
19	23	21	6.22	24.39	56.33	187	Alluvial	Kharif	Konkan	Rice
34	44	27	5.65	16.11	45	187	Alluvial	Kharif	Konkan	Rice
36	28	29	6.99	22.46	63.45	187	Loamy	Kharif	Nashik	Wheat
47	37	40	6.3	22.02	45.58	187	Alluvial	Kharif	Konkan	Rice
49	23	26	6.59	17.96	65.91	187	Loamy	Kharif	Nashik	Wheat
24	32	46	6.01	22.82	64.66	187	Alluvial	Kharif	Konkan	Rice
18	46	11	5.73	24.44	46.57	187	Alluvial	Kharif	Konkan	Rice
47	26	19	6.7	17.25	58.99	187	Loamy	Kharif	Nashik	Wheat
31	22	11	7.38	15.04	52.58	187	Loamy	Kharif	Nashik	Wheat
47	35	17	6.64	23.8	49.5	187	Loamy	Kharif	Nashik	Wheat
41	33	21	6.27	16.45	56.03	187	Alluvial	Kharif	Konkan	Rice
47	40	41	7.38	22.79	41.97	187	Loamy	Kharif	Nashik	Wheat
14	46	17	6.95	15.74	57.84	187	Loamy	Kharif	Nashik	Wheat
45	33	30	5.58	22.62	68.33	187	Alluvial	Kharif	Konkan	Rice
24	22	15	6.13	19.04	51.95	187	Alluvial	Kharif	Konkan	Rice
46	46	23	5.6	20.16	61.47	187	Alluvial	Kharif	Konkan	Rice
39	42	41	6.58	15.18	56.19	187	Loamy	Kharif	Nashik	Wheat
27	21	29	6.84	16.39	46.46	187	Loamy	Kharif	Nashik	Wheat
49	31	46	6.15	21.28	54.13	187	Alluvial	Kharif	Konkan	Rice
28	21	14	6.28	21.84	64.39	187	Alluvial	Kharif	Konkan	Rice
20	32	35	6.14	19.96	64.08	187	Alluvial	Kharif	Konkan	Rice
19	39	37	6.27	20.45	69.01	187	Alluvial	Kharif	Konkan	Rice
45	34	20	6.72	19.03	66.84	187	Loamy	Kharif	Nashik	Wheat
32	23	26	6.54	20	66.59	187	Loamy	Kharif	Nashik	Wheat
23	43	32	7.3	23.77	47.19	187	Loamy	Kharif	Nashik	Wheat
37	42	28	7.12	18.89	49.8	187	Loamy	Kharif	Nashik	Wheat
41	44	46	6.7	23.13	60.3	187	Loamy	Kharif	Nashik	Wheat
33	49	16	7.36	17.54	57.14	187	Loamy	Kharif	Nashik	Wheat
18	38	31	5.84	21.23	57.92	187	Alluvial	Kharif	Konkan	Rice
17	12	47	5.64	19.92	44.23	187	Alluvial	Kharif	Konkan	Rice
47	11	26	6.03	20.08	54.82	187	Alluvial	Kharif	Konkan	Rice
24	20	33	6.08	15.63	45.33	187	Alluvial	Kharif	Konkan	Rice
34	30	42	7.46	16.58	63.83	187	Loamy	Kharif	Nashik	Wheat
10	21	39	5.83	16.94	57.75	187	Alluvial	Kharif	Konkan	Rice
36	43	49	6.89	18.46	63.13	187	Loamy	Kharif	Nashik	Wheat
44	25	12	5.84	24.04	54.86	187	Alluvial	Kharif	Konkan	Rice
23	42	44	5.63	17.72	61.11	187	Alluvial	Kharif	Konkan	Rice
27	40	32	5.53	17.55	53.1	187	Alluvial	Kharif	Konkan	Rice
49	32	37	6.71	24.25	53.43	187	Loamy	Kharif	Nashik	Wheat
40	36	28	5.55	24.74	47.96	187	Alluvial	Kharif	Konkan	Rice
31	44	15	6.04	19.71	62.01	187	Alluvial	Kharif	Konkan	Rice
44	25	15	5.65	22.88	51.85	187	Alluvial	Kharif	Konkan	Rice
12	33	41	7.02	22.11	60.04	187	Loamy	Kharif	Nashik	Wheat
40	48	44	5.6	24.91	69.81	187	Alluvial	Kharif	Konkan	Rice
45	25	36	5.71	22.29	60.76	187	Alluvial	Kharif	Konkan	Rice
46	43	41	6.58	18.3	68.49	187	Loamy	Kharif	Nashik	Wheat
40	35	42	5.9	16.92	50.52	187	Alluvial	Kharif	Konkan	Rice
25	41	46	6.92	23.23	54.71	187	Loamy	Kharif	Nashik	Wheat
42	41	40	5.62	23.15	43.56	187	Alluvial	Kharif	Konkan	Rice
39	22	26	5.81	19.68	53.83	187	Alluvial	Kharif	Konkan	Rice
21	37	35	7.06	17.03	54.67	187	Loamy	Kharif	Nashik	Wheat
45	17	46	6.76	22.02	47.39	187	Loamy	Kharif	Nashik	Wheat
41	17	29	7	17.2	59.58	187	Loamy	Kharif	Nashik	Wheat
48	30	33	6.69	16.58	41.09	187	Loamy	Kharif	Nashik	Wheat
41	44	36	7.02	16.22	56.49	187	Loamy	Kharif	Nashik	Wheat
19	11	23	5.54	19.01	43.9	187	Alluvial	Kharif	Konkan	Rice
35	23	19	5.96	18.08	65.41	187	Alluvial	Kharif	Konkan	Rice
30	49	31	6.79	17.56	40.7	187	Loamy	Kharif	Nashik	Wheat
15	43	49	6.47	23.9	65.74	187	Alluvial	Kharif	Konkan	Rice
40	29	14	6.49	21.47	66.12	187	Alluvial	Kharif	Konkan	Rice
49	25	15	6.77	16.84	62.32	187	Loamy	Kharif	Nashik	Wheat
23	19	35	7.28	16.25	49.62	187	Loamy	Kharif	Nashik	Wheat
18	25	10	7.31	23.67	46.52	187	Loamy	Kharif	Nashik	Wheat
48	13	43	5.83	23.58	61.35	187	Alluvial	Kharif	Konkan	Rice
31	47	46	6.46	15.62	68.85	187	Alluvial	Kharif	Konkan	Rice
34	42	10	5.74	18.15	44.2	187	Alluvial	Kharif	Konkan	Rice
30	41	12	7.04	20.7	61.48	187	Loamy	Kharif	Nashik	Wheat
42	22	28	6.06	18.69	52.32	187	Alluvial	Kharif	Konkan	Rice
46	46	17	6.26	15.44	52.16	187	Alluvial	Kharif	Konkan	Rice
46	37	30	5.64	15.95	62.08	187	Alluvial	Kharif	Konkan	Rice
24	12	28	5.94	18.33	44.89	187	Alluvial	Kharif	Konkan	Rice
39	32	29	6.51	17.21	67.78	187	Loamy	Kharif	Nashik	Wheat
23	10	46	7.19	24.87	62.17	187	Loamy	Kharif	Nashik	Wheat
10	14	27	7.42	23.61	48.54	187	Loamy	Kharif	Nashik	Wheat
12	22	27	6.63	21.18	54.62	187	Loamy	Kharif	Nashik	Wheat
18	11	39	6.65	24.74	58.88	187	Loamy	Kharif	Nashik	Wheat
39	34	46	7.44	24.34	45.78	187	Loamy	Kharif	Nashik	Wheat
25	16	46	6.81	16.99	67.09	187	Loamy	Kharif	Nashik	Wheat
37	21	29	6.92	20.41	61.37	187	Loamy	Kharif	Nashik	Wheat
47	32	39	6.82	15.31	53.38	187	Loamy	Kharif	Nashik	Wheat
38	24	17	6.81	20.41	53.86	187	Loamy	Kharif	Nashik	Wheat
22	28	42	5.68	23	47.87	187	Alluvial	Kharif	Konkan	Rice
31	42	26	6.82	15.64	47.26	187	Loamy	Kharif	Nashik	Wheat
10	15	42	6.45	22.59	44.9	187	Alluvial	Kharif	Konkan	Rice
48	17	18	6.57	15	63.24	187	Loamy	Kharif	Nashik	Wheat
33	24	24	7.11	22.05	41.71	187	Loamy	Kharif	Nashik	Wheat
46	49	42	7.41	15.23	52.42	187	Loamy	Kharif	Nashik	Wheat
15	29	19	7.37	19.02	61.93	187	Loamy	Kharif	Nashik	Wheat
14	33	37	7.4	16.96	46.46	187	Loamy	Kharif	Nashik	Wheat
29	43	40	5.73	24.33	68.46	187	Alluvial	Kharif	Konkan	Rice
22	45	48	6.51	23.98	53.72	187	Loamy	Kharif	Nashik	Wheat
20	16	46	5.52	24.04	57.34	187	Alluvial	Kharif	Konkan	Rice
23	49	38	6.67	23.36	60.79	187	Loamy	Kharif	Nashik	Wheat
33	11	40	5.63	23.75	43.8	187	Alluvial	Kharif	Konkan	Rice
28	16	18	6.24	22.07	55.71	187	Alluvial	Kharif	Konkan	Rice
48	33	19	7.24	17.08	40.51	187	Loamy	Kharif	Nashik	Wheat
37	10	31	6.26	19.42	48.03	187	Alluvial	Kharif	Konkan	Rice
40	32	10	5.83	23.27	57.27	187	Alluvial	Kharif	Konkan	Rice
37	33	16	6.91	24.07	68.38	187	Loamy	Kharif	Nashik	Wheat
40	27	15	5.57	17.3	63.29	187	Alluvial	Kharif	Konkan	Rice
36	31	48	5.78	18.28	56.94	187	Alluvial	Kharif	Konkan	Rice
46	36	49	7.21	20.5	69.44	187	Loamy	Kharif	Nashik	Wheat
42	49	24	7.35	22.01	55.29	187	Loamy	Kharif	Nashik	Wheat
12	29	20	7.3	19.63	55.73	187	Loamy	Kharif	Nashik	Wheat
18	27	20	7.24	20.23	45.72	187	Loamy	Kharif	Nashik	Wheat
49	24	32	5.81	15.4	46.35	187	Alluvial	Kharif	Konkan	Rice
32	31	35	6.21	15.45	56.9	187	Alluvial	Kharif	Konkan	Rice
20	18	43	6.12	19.96	65.14	187	Alluvial	Kharif	Konkan	Rice
20	36	18	6.28	16.43	67.18	187	Alluvial	Kharif	Konkan	Rice
28	43	44	5.74	16.03	42.87	187	Alluvial	Kharif	Konkan	Rice
26	10	17	7.16	16.68	44.63	187	Loamy	Kharif	Nashik	Wheat
14	48	12	7.04	17.3	53.22	187	Loamy	Kharif	Nashik	Wheat
38	47	40	5.61	24.22	44.86	187	Alluvial	Kharif	Konkan	Rice
28	12	41	6.89	16.97	52.06	187	Loamy	Kharif	Nashik	Wheat
45	23	49	5.66	20.78	51.8	187	Alluvial	Kharif	Konkan	Rice
16	26	13	7.03	18.85	44.25	187	Loamy	Kharif	Nashik	Wheat
19	41	39	6.27	22.66	65.87	187	Alluvial	Kharif	Konkan	Rice
43	40	33	5.68	23.11	47.47	187	Alluvial	Kharif	Konkan	Rice
23	22	10	6.22	23.74	67.35	187	Alluvial	Kharif	Konkan	Rice
32	22	43	6.71	23.9	43.21	187	Loamy	Kharif	Nashik	Wheat
41	39	45	5.9	17.1	67	187	Alluvial	Kharif	Konkan	Rice
23	48	24	7.13	19.44	65.17	187	Loamy	Kharif	Nashik	Wheat
25	21	41	5.82	16.46	53.34	187	Alluvial	Kharif	Konkan	Rice
42	46	32	6.87	21.33	41.24	187	Loamy	Kharif	Nashik	Wheat
16	28	32	6.03	22.76	50.07	187	Alluvial	Kharif	Konkan	Rice
12	32	30	6.69	18.56	67.34	187	Loamy	Kharif	Nashik	Wheat
48	26	36	6.25	16.47	62.18	187	Alluvial	Kharif	Konkan	Rice
41	20	16	7.17	18.25	50.07	187	Loamy	Kharif	Nashik	Wheat
34	26	22	6.48	20.36	47.07	187	Alluvial	Kharif	Konkan	Rice
16	23	33	6.87	24.83	57.87	187	Loamy	Kharif	Nashik	Wheat
15	48	48	6.87	17.54	40.42	187	Loamy	Kharif	Nashik	Wheat
30	17	23	6.53	16.06	54.33	187	Loamy	Kharif	Nashik	Wheat
28	39	12	7.21	17.15	67.9	187	Loamy	Kharif	Nashik	Wheat
32	16	38	5.53	23.13	63.79	187	Alluvial	Kharif	Konkan	Rice
35	25	22	6.41	15.89	48.59	187	Alluvial	Kharif	Konkan	Rice
25	15	30	6.93	16.97	45.72	187	Loamy	Kharif	Nashik	Wheat
31	47	31	7.33	21.31	41	187	Loamy	Kharif	Nashik	Wheat
43	18	49	6.85	23.53	51.11	187	Loamy	Kharif	Nashik	Wheat
16	45	26	6.34	16.32	42.05	187	Alluvial	Kharif	Konkan	Rice
33	19	20	5.71	16.57	60.59	187	Alluvial	Kharif	Konkan	Rice
15	32	28	7.26	16.46	54.64	187	Loamy	Kharif	Nashik	Wheat
18	12	21	7.26	23.76	62.78	187	Loamy	Kharif	Nashik	Wheat
43	37	17	5.71	18.55	46.26	187	Alluvial	Kharif	Konkan	Rice
30	30	30	6.7	19.32	56.25	187	Loamy	Kharif	Nashik	Wheat
19	23	35	5.59	20.01	64.56	187	Alluvial	Kharif	Konkan	Rice
49	37	41	7.28	21.67	42.43	187	Loamy	Kharif	Nashik	Wheat
26	19	40	6.75	16.2	41.85	187	Loamy	Kharif	Nashik	Wheat
41	29	47	6.05	24.33	40.03	187	Alluvial	Kharif	Konkan	Rice
47	13	34	6.83	19.25	47.5	187	Loamy	Kharif	Nashik	Wheat
25	29	30	6.18	19.42	40.9	187	Alluvial	Kharif	Konkan	Rice
35	31	26	7.09	16.57	40.31	187	Loamy	Kharif	Nashik	Wheat
30	30	13	6.43	23.39	69.09	187	Alluvial	Kharif	Konkan	Rice
38	29	19	7.18	15.99	45.59	187	Loamy	Kharif	Nashik	Wheat
46	44	38	6.21	24.58	50.63	187	Alluvial	Kharif	Konkan	Rice
47	30	36	6.81	16.9	68.61	187	Loamy	Kharif	Nashik	Wheat
27	20	32	6.34	24.45	66.45	187	Alluvial	Kharif	Konkan	Rice
43	15	29	6.61	17.56	62.87	187	Loamy	Kharif	Nashik	Wheat
31	15	23	6.27	24.85	68.42	187	Alluvial	Kharif	Konkan	Rice
42	38	13	7.45	24.26	64.86	187	Loamy	Kharif	Nashik	Wheat
49	24	11	6.65	15.68	63.09	187	Loamy	Kharif	Nashik	Wheat
41	27	16	5.6	15.88	50.25	187	Alluvial	Kharif	Konkan	Rice
17	12	20	7.42	16.23	61.51	187	Loamy	Kharif	Nashik	Wheat
33	40	32	6.61	23.09	69.63	187	Loamy	Kharif	Nashik	Wheat
20	39	34	7.34	15.11	63.92	187	Loamy	Kharif	Nashik	Wheat
18	34	33	7.34	18.38	61.37	187	Loamy	Kharif	Nashik	Wheat
28	47	38	6.38	21.54	42.63	187	Alluvial	Kharif	Konkan	Rice
26	48	34	5.81	24.98	64.13	187	Alluvial	Kharif	Konkan	Rice
43	23	24	6.32	18.48	41.03	187	Alluvial	Kharif	Konkan	Rice
24	36	46	5.75	18.09	50.51	187	Alluvial	Kharif	Konkan	Rice
29	24	26	5.52	16.09	61.09	187	Alluvial	Kharif	Konkan	Rice
41	29	47	6.99	23.33	68.42	187	Loamy	Kharif	Nashik	Wheat
32	11	28	7.19	20.76	47.56	187	Loamy	Kharif	Nashik	Wheat
35	23	45	6.63	18.64	64.34	187	Loamy	Kharif	Nashik	Wheat
30	44	40	6.64	20.55	66.85	187	Loamy	Kharif	Nashik	Wheat
38	17	26	6.98	19.58	49.32	187	Loamy	Kharif	Nashik	Wheat
23	38	14	6.98	24.48	48.71	187	Loamy	Kharif	Nashik	Wheat
16	12	36	6.32	17.59	61.31	187	Alluvial	Kharif	Konkan	Rice
15	49	39	6.46	22.64	64.57	187	Alluvial	Kharif	Konkan	Rice
27	13	16	7	19.74	40.12	187	Loamy	Kharif	Nashik	Wheat
49	17	49	6.44	21.86	63.31	187	Alluvial	Kharif	Konkan	Rice
44	23	48	7.33	16.14	65.95	187	Loamy	Kharif	Nashik	Wheat
13	49	23	7.11	18.4	61.48	187	Loamy	Kharif	Nashik	Wheat
32	35	39	5.64	19.33	65.89	187	Alluvial	Kharif	Konkan	Rice
41	19	42	6.69	17.48	60.85	187	Loamy	Kharif	Nashik	Wheat
45	47	24	5.74	21.72	46.63	187	Alluvial	Kharif	Konkan	Rice
26	34	35	5.82	19.78	60.88	187	Alluvial	Kharif	Konkan	Rice
41	19	17	6.84	18.06	53.72	187	Loamy	Kharif	Nashik	Wheat
12	18	24	5.91	16.59	54.58	187	Alluvial	Kharif	Konkan	Rice
43	31	27	7.05	15.65	54.62	187	Loamy	Kharif	Nashik	Wheat
29	12	28	5.82	20.03	40.45	187	Alluvial	Kharif	Konkan	Rice
41	16	24	7	17.89	40.87	187	Loamy	Kharif	Nashik	Wheat
38	15	30	6.16	20.8	65.22	187	Alluvial	Kharif	Konkan	Rice
46	10	33	6.47	22.75	51	187	Alluvial	Kharif	Konkan	Rice
32	39	24	6.92	20.8	57.74	187	Loamy	Kharif	Nashik	Wheat
19	44	14	6.17	18.02	40.79	187	Alluvial	Kharif	Konkan	Rice
47	18	21	5.91	19.05	44.84	187	Alluvial	Kharif	Konkan	Rice
35	33	24	6.85	24.64	49.14	187	Loamy	Kharif	Nashik	Wheat
22	46	42	6.76	21.05	63.86	187	Loamy	Kharif	Nashik	Wheat
14	18	49	6.16	15.85	45.64	187	Alluvial	Kharif	Konkan	Rice
42	26	32	7.18	15.31	41.42	187	Loamy	Kharif	Nashik	Wheat
44	20	21	6.38	22.59	51.02	187	Alluvial	Kharif	Konkan	Rice
11	19	45	5.67	23.87	46.67	187	Alluvial	Kharif	Konkan	Rice
23	10	10	6.52	20.34	43.13	187	Loamy	Kharif	Nashik	Wheat
18	30	18	5.63	23.94	53.33	187	Alluvial	Kharif	Konkan	Rice
23	37	20	5.92	20.63	55.78	187	Alluvial	Kharif	Konkan	Rice
30	27	21	6.72	17.19	54.49	187	Loamy	Kharif	Nashik	Wheat
42	22	42	6.42	18.83	60.29	187	Alluvial	Kharif	Konkan	Rice
11	32	40	6	17.35	55.98	187	Alluvial	Kharif	Konkan	Rice
23	24	13	7.01	21.48	58.67	187	Loamy	Kharif	Nashik	Wheat
43	45	17	7.2	19.42	57.27	187	Loamy	Kharif	Nashik	Wheat
10	34	49	7.39	20.7	63.09	187	Loamy	Kharif	Nashik	Wheat
41	23	37	6.09	16.88	51.59	187	Alluvial	Kharif	Konkan	Rice
29	45	39	6.7	23.4	40.58	187	Loamy	Kharif	Nashik	Wheat
17	12	13	6	17.44	48.34	187	Alluvial	Kharif	Konkan	Rice
31	45	13	7.38	15.66	69.93	187	Loamy	Kharif	Nashik	Wheat
21	13	10	5.61	23	60.14	187	Alluvial	Kharif	Konkan	Rice
18	44	39	6.42	16.45	61.6	187	Alluvial	Kharif	Konkan	Rice
43	35	21	6.65	16.8	61.68	187	Loamy	Kharif	Nashik	Wheat
47	20	48	7.1	20.02	45.91	187	Loamy	Kharif	Nashik	Wheat
47	41	19	5.61	21.05	63.38	187	Alluvial	Kharif	Konkan	Rice
27	43	35	5.87	23.12	55.95	187	Alluvial	Kharif	Konkan	Rice
32	38	49	6.65	20.74	51.16	187	Loamy	Kharif	Nashik	Wheat
29	48	34	6	18	40.39	187	Alluvial	Kharif	Konkan	Rice
29	20	42	6.9	16.93	50.98	187	Loamy	Kharif	Nashik	Wheat
34	42	40	5.53	21.58	56.13	187	Alluvial	Kharif	Konkan	Rice
49	30	40	6.42	20.19	50.71	187	Alluvial	Kharif	Konkan	Rice
46	36	24	7.17	24.3	58.81	187	Loamy	Kharif	Nashik	Wheat
46	42	43	7.44	18.37	66.25	187	Loamy	Kharif	Nashik	Wheat
20	41	29	5.52	15.04	52.91	187	Alluvial	Kharif	Konkan	Rice
31	35	31	6.35	24.2	63.69	187	Alluvial	Kharif	Konkan	Rice
22	19	13	7.08	19.62	53.09	187	Loamy	Kharif	Nashik	Wheat
12	32	20	6.2	15.11	64.1	187	Alluvial	Kharif	Konkan	Rice
26	46	39	6.56	17.77	57.69	187	Loamy	Kharif	Nashik	Wheat
14	33	38	7.47	17.95	49.94	187	Loamy	Kharif	Nashik	Wheat
11	11	46	5.89	16.55	67.9	187	Alluvial	Kharif	Konkan	Rice
29	31	14	5.8	23.6	57.8	187	Alluvial	Kharif	Konkan	Rice
46	22	33	7.32	22.19	61.98	187	Loamy	Kharif	Nashik	Wheat
15	18	31	7.23	20.98	54.42	187	Loamy	Kharif	Nashik	Wheat
31	31	16	5.72	16.56	66.47	187	Alluvial	Kharif	Konkan	Rice
49	45	10	6.96	19.57	44.91	187	Loamy	Kharif	Nashik	Wheat
33	17	34	6.37	19.29	47.47	187	Alluvial	Kharif	Konkan	Rice
32	38	37	7.38	16.1	62.05	187	Loamy	Kharif	Nashik	Wheat
32	16	41	7.48	24.91	45.3	187	Loamy	Kharif	Nashik	Wheat
38	41	14	6.21	24.81	61.09	187	Alluvial	Kharif	Konkan	Rice
19	30	48	6.07	24.36	54.04	187	Alluvial	Kharif	Konkan	Rice
18	35	34	7.29	21.15	67.13	187	Loamy	Kharif	Nashik	Wheat
22	30	16	6.8	17.98	62.36	187	Loamy	Kharif	Nashik	Wheat
24	18	30	6.48	15.38	59.57	187	Alluvial	Kharif	Konkan	Rice
42	44	37	6.56	17.3	48.47	187	Loamy	Kharif	Nashik	Wheat
40	20	44	6.92	23.12	44.48	187	Loamy	Kharif	Nashik	Wheat
15	16	14	6.95	23.97	66.67	187	Loamy	Kharif	Nashik	Wheat
18	10	45	6.17	23.29	55.07	187	Alluvial	Kharif	Konkan	Rice
20	17	45	7.32	16.53	65.36	187	Loamy	Kharif	Nashik	Wheat
33	10	38	5.59	19.11	51.43	187	Alluvial	Kharif	Konkan	Rice
20	48	19	6.19	23.25	68.53	187	Alluvial	Kharif	Konkan	Rice
11	31	34	6.7	16.51	50.27	187	Loamy	Kharif	Nashik	Wheat
47	35	49	5.6	24.85	47.89	187	Alluvial	Kharif	Konkan	Rice
10	30	20	5.85	15.42	45.08	187	Alluvial	Kharif	Konkan	Rice
31	34	44	5.8	16.93	62.62	187	Alluvial	Kharif	Konkan	Rice
44	38	47	5.78	21.78	66.01	187	Alluvial	Kharif	Konkan	Rice
22	38	28	5.95	16.94	45.4	187	Alluvial	Kharif	Konkan	Rice
45	36	46	7.11	21.83	61.79	187	Loamy	Kharif	Nashik	Wheat
32	29	37	6.45	22.15	60.02	187	Alluvial	Kharif	Konkan	Rice
19	12	31	6.33	23.91	47	187	Alluvial	Kharif	Konkan	Rice
22	38	32	7.13	18.21	62.1	187	Loamy	Kharif	Nashik	Wheat
49	22	25	6.81	24.07	42.7	187	Loamy	Kharif	Nashik	Wheat
26	38	38	6.55	18.71	63.67	187	Loamy	Kharif	Nashik	Wheat
40	14	46	6.56	15.12	45.58	187	Loamy	Kharif	Nashik	Wheat
38	49	22	7.06	23.32	66.62	187	Loamy	Kharif	Nashik	Wheat
35	43	15	5.97	21.98	47.95	187	Alluvial	Kharif	Konkan	Rice
44	24	46	6.38	19.32	61.9	187	Alluvial	Kharif	Konkan	Rice
44	19	28	6.31	15.8	47.72	187	Alluvial	Kharif	Konkan	Rice
34	43	41	6.51	15.62	42.3	187	Loamy	Kharif	Nashik	Wheat
23	37	12	6.31	20.31	42.58	187	Alluvial	Kharif	Konkan	Rice
41	16	21	7.07	23.36	46.34	187	Loamy	Kharif	Nashik	Wheat
21	23	44	6.35	22.27	63.49	187	Alluvial	Kharif	Konkan	Rice
35	45	28	5.8	17.37	41.04	187	Alluvial	Kharif	Konkan	Rice
19	31	34	6.79	23.05	60.72	187	Loamy	Kharif	Nashik	Wheat
22	14	45	7.03	24.55	61.87	187	Loamy	Kharif	Nashik	Wheat
40	23	47	6.09	17.85	46.49	187	Alluvial	Kharif	Konkan	Rice
23	43	14	6.29	23.63	51.7	187	Alluvial	Kharif	Konkan	Rice
22	42	12	6.49	22.5	52.7	187	Alluvial	Kharif	Konkan	Rice
18	15	25	6.19	16.33	66.94	187	Alluvial	Kharif	Konkan	Rice
18	26	14	6.04	19.18	68.35	187	Alluvial	Kharif	Konkan	Rice
38	32	15	6.56	17.39	62.93	187	Loamy	Kharif	Nashik	Wheat
16	37	36	6.33	20.9	42.08	187	Alluvial	Kharif	Konkan	Rice
33	31	13	5.55	22.17	52.92	187	Alluvial	Kharif	Konkan	Rice
31	49	43	7.1	19.88	67.7	187	Loamy	Kharif	Nashik	Wheat
12	48	33	5.99	23.88	48.24	187	Alluvial	Kharif	Konkan	Rice
48	41	10	5.65	18.54	69.42	187	Alluvial	Kharif	Konkan	Rice
15	35	23	7.48	20.29	44.03	187	Loamy	Kharif	Nashik	Wheat
27	37	11	7.23	21.49	68.49	187	Loamy	Kharif	Nashik	Wheat
24	48	36	7.26	17.86	65.24	187	Loamy	Kharif	Nashik	Wheat
30	43	13	7.21	23.55	62.27	187	Loamy	Kharif	Nashik	Wheat
49	27	33	7.11	18.68	46.47	187	Loamy	Kharif	Nashik	Wheat
41	41	20	5.63	15.22	65.06	187	Alluvial	Kharif	Konkan	Rice
24	10	34	6.89	15.42	68.21	187	Loamy	Kharif	Nashik	Wheat
20	34	11	7.13	17.94	54.71	187	Loamy	Kharif	Nashik	Wheat
46	49	39	7.17	19.61	61.67	187	Loamy	Kharif	Nashik	Wheat
26	38	31	6.3	23.45	62.42	187	Alluvial	Kharif	Konkan	Rice
37	21	32	6.83	16.54	62.93	187	Loamy	Kharif	Nashik	Wheat
35	45	23	5.73	23.29	46.75	187	Alluvial	Kharif	Konkan	Rice
19	45	11	6.46	16.76	56.73	187	Alluvial	Kharif	Konkan	Rice
13	22	25	7.4	24.36	43.77	187	Loamy	Kharif	Nashik	Wheat
37	26	14	6.1	20.75	54.83	187	Alluvial	Kharif	Konkan	Rice
21	46	27	5.98	22.43	41.93	187	Alluvial	Kharif	Konkan	Rice
21	44	49	7.26	24.23	42.42	187	Loamy	Kharif	Nashik	Wheat
13	48	43	7.39	15.36	65.9	187	Loamy	Kharif	Nashik	Wheat
49	13	18	7.21	21.62	69.29	187	Loamy	Kharif	Nashik	Wheat
32	39	23	7.3	24.76	45.16	187	Loamy	Kharif	Nashik	Wheat
21	46	22	6.67	20.37	48.14	187	Loamy	Kharif	Nashik	Wheat
20	23	48	6.78	21.03	46.48	187	Loamy	Kharif	Nashik	Wheat
28	34	24	5.7	20.37	53.96	187	Alluvial	Kharif	Konkan	Rice
44	10	16	5.75	24.01	51.89	187	Alluvial	Kharif	Konkan	Rice
16	12	16	6.84	24.81	54.93	187	Loamy	Kharif	Nashik	Wheat
11	25	38	5.57	24.88	50.36	187	Alluvial	Kharif	Konkan	Rice
28	29	32	7.48	22	52.29	187	Loamy	Kharif	Nashik	Wheat
41	35	22	6.31	18.48	65.71	187	Alluvial	Kharif	Konkan	Rice
22	42	16	7.21	17.88	51.07	187	Loamy	Kharif	Nashik	Wheat
38	28	30	6.44	17.45	44	187	Alluvial	Kharif	Konkan	Rice
28	34	20	5.92	15.62	47.07	187	Alluvial	Kharif	Konkan	Rice
35	40	12	5.52	21.52	61.72	187	Alluvial	Kharif	Konkan	Rice
10	43	31	7.37	16.76	65.04	187	Loamy	Kharif	Nashik	Wheat
27	17	33	6.99	23.49	61.06	187	Loamy	Kharif	Nashik	Wheat
15	18	29	5.82	21.25	68.62	187	Alluvial	Kharif	Konkan	Rice
28	21	47	7.45	20.25	54.48	187	Loamy	Kharif	Nashik	Wheat
46	43	21	5.84	19.44	60.82	187	Alluvial	Kharif	Konkan	Rice
17	16	23	6.68	18.47	55.41	187	Loamy	Kharif	Nashik	Wheat
42	18	10	5.7	21.55	65.75	187	Alluvial	Kharif	Konkan	Rice
19	44	26	6.93	23.31	68.57	187	Loamy	Kharif	Nashik	Wheat
25	32	42	6.72	22.53	56.51	187	Loamy	Kharif	Nashik	Wheat
36	12	34	5.78	16.73	64.7	187	Alluvial	Kharif	Konkan	Rice
13	43	24	6.43	17.41	46.78	187	Alluvial	Kharif	Konkan	Rice
44	42	37	7.07	16.8	59.05	187	Loamy	Kharif	Nashik	Wheat
36	16	17	7.12	22.73	52.82	187	Loamy	Kharif	Nashik	Wheat
23	35	31	5.7	20.05	61.91	187	Alluvial	Kharif	Konkan	Rice
45	33	37	6.54	18.37	50.31	187	Loamy	Kharif	Nashik	Wheat
10	31	39	6.33	16.45	48.86	187	Alluvial	Kharif	Konkan	Rice
38	22	25	7.5	15.52	46.69	187	Loamy	Kharif	Nashik	Wheat
49	34	25	7.13	17.65	54.4	187	Loamy	Kharif	Nashik	Wheat
38	26	40	7.03	21.95	56.66	187	Loamy	Kharif	Nashik	Wheat
16	44	47	7.12	18.17	49.62	187	Loamy	Kharif	Nashik	Wheat
46	20	17	6.19	15.52	56.87	187	Alluvial	Kharif	Konkan	Rice
47	25	49	6.38	23.21	44.88	187	Alluvial	Kharif	Konkan	Rice
11	36	11	6.32	22.84	54.22	187	Alluvial	Kharif	Konkan	Rice
21	46	20	7.42	16.48	47.45	187	Loamy	Kharif	Nashik	Wheat
40	49	48	5.6	21.88	46.38	187	Alluvial	Kharif	Konkan	Rice
39	18	40	6.62	23.41	62.46	187	Loamy	Kharif	Nashik	Wheat
17	42	21	7.43	22.94	65.4	187	Loamy	Kharif	Nashik	Wheat
33	13	34	6.74	20.31	63.39	187	Loamy	Kharif	Nashik	Wheat
17	33	45	6.68	22.77	56.42	187	Loamy	Kharif	Nashik	Wheat
21	47	42	6.82	19.91	42.14	187	Loamy	Kharif	Nashik	Wheat
33	19	23	5.86	20.38	59.01	187	Alluvial	Kharif	Konkan	Rice
49	11	23	7.32	22.57	49.08	187	Loamy	Kharif	Nashik	Wheat
20	42	44	6.96	22.38	57.11	187	Loamy	Kharif	Nashik	Wheat
37	34	30	5.98	15.68	43.18	187	Alluvial	Kharif	Konkan	Rice
30	24	30	6.36	22.6	49.17	187	Alluvial	Kharif	Konkan	Rice
23	29	39	6.39	22.68	43.86	187	Alluvial	Kharif	Konkan	Rice
27	25	46	6.67	15.28	54	187	Loamy	Kharif	Nashik	Wheat
31	11	22	6.93	15.66	49.6	187	Loamy	Kharif	Nashik	Wheat
47	46	16	7.45	19.09	67.38	187	Loamy	Kharif	Nashik	Wheat
19	19	38	6.93	21.44	63.87	187	Loamy	Kharif	Nashik	Wheat
42	47	47	6.42	17.1	62.58	187	Alluvial	Kharif	Konkan	Rice
30	11	12	6.89	18.67	49.87	187	Loamy	Kharif	Nashik	Wheat
24	31	28	6.44	19.79	65.54	187	Alluvial	Kharif	Konkan	Rice
15	25	45	5.55	15.65	41.61	187	Alluvial	Kharif	Konkan	Rice
33	43	20	5.72	24.79	66.85	187	Alluvial	Kharif	Konkan	Rice
18	46	15	5.52	16.72	51.41	187	Alluvial	Kharif	Konkan	Rice
44	30	33	5.57	15.74	60.88	187	Alluvial	Kharif	Konkan	Rice
48	39	35	7.22	24.73	67.06	187	Loamy	Kharif	Nashik	Wheat
46	11	16	6.6	19.04	59.08	187	Loamy	Kharif	Nashik	Wheat
20	21	48	5.57	18.37	49.72	187	Alluvial	Kharif	Konkan	Rice
28	40	33	6.58	16.14	59.27	187	Loamy	Kharif	Nashik	Wheat
17	41	12	7.41	19.25	57.83	187	Loamy	Kharif	Nashik	Wheat
24	22	17	6.89	23.28	42.69	187	Loamy	Kharif	Nashik	Wheat
40	13	40	6	15.85	43.5	187	Alluvial	Kharif	Konkan	Rice
24	34	42	6.71	15.18	47.48	187	Loamy	Kharif	Nashik	Wheat
36	17	46	6.58	17.25	65.57	187	Loamy	Kharif	Nashik	Wheat
46	36	11	7.39	20.4	57.2	187	Loamy	Kharif	Nashik	Wheat
19	24	10	7.48	17.41	49.69	187	Loamy	Kharif	Nashik	Wheat
17	36	49	5.59	17.2	40.04	187	Alluvial	Kharif	Konkan	Rice
34	34	16	7.25	17.11	45.55	187	Loamy	Kharif	Nashik	Wheat
36	30	42	7.44	19.77	60.04	187	Loamy	Kharif	Nashik	Wheat
15	38	14	5.97	20.41	58.28	187	Alluvial	Kharif	Konkan	Rice
15	22	11	6.11	24.7	68.49	187	Alluvial	Kharif	Konkan	Rice
14	28	34	7.02	20.07	69.96	187	Loamy	Kharif	Nashik	Wheat
12	46	43	7.11	18.7	63.97	187	Loamy	Kharif	Nashik	Wheat
36	32	42	6.87	18.06	40.46	187	Loamy	Kharif	Nashik	Wheat
26	33	36	6.98	17.02	53.36	187	Loamy	Kharif	Nashik	Wheat
40	48	19	7.46	22.13	60.16	187	Loamy	Kharif	Nashik	Wheat
39	19	36	6.04	23.43	47.98	187	Alluvial	Kharif	Konkan	Rice
14	30	21	6.88	18.72	49.12	187	Loamy	Kharif	Nashik	Wheat
30	23	36	5.91	16.41	57.28	187	Alluvial	Kharif	Konkan	Rice
31	23	11	5.77	22.38	69.12	187	Alluvial	Kharif	Konkan	Rice
29	15	16	5.82	22.33	60.45	187	Alluvial	Kharif	Konkan	Rice
21	14	31	6.05	15.06	57.56	187	Alluvial	Kharif	Konkan	Rice
30	38	13	5.64	20.17	59.8	187	Alluvial	Kharif	Konkan	Rice
38	36	19	6.47	18.33	63.56	187	Alluvial	Kharif	Konkan	Rice
32	34	33	7.18	20.74	49.18	187	Loamy	Kharif	Nashik	Wheat
27	27	20	6.87	15.97	47.94	187	Loamy	Kharif	Nashik	Wheat
43	36	42	7.14	23.59	50.27	187	Loamy	Kharif	Nashik	Wheat
27	26	46	7.22	15.74	67.05	187	Loamy	Kharif	Nashik	Wheat
12	44	13	5.61	18.49	68.12	187	Alluvial	Kharif	Konkan	Rice
19	11	22	7.25	22.64	64.57	187	Loamy	Kharif	Nashik	Wheat
39	39	12	6.2	16.05	40.41	187	Alluvial	Kharif	Konkan	Rice
15	25	34	7.15	20.64	63.79	187	Loamy	Kharif	Nashik	Wheat
10	22	33	6.99	20.3	53.05	187	Loamy	Kharif	Nashik	Wheat
35	46	47	5.57	18.92	54.44	187	Alluvial	Kharif	Konkan	Rice
44	13	17	6.03	15.45	47.58	187	Alluvial	Kharif	Konkan	Rice
38	21	39	6.15	15.66	61.9	187	Alluvial	Kharif	Konkan	Rice
29	44	45	7.26	20.35	48.55	187	Loamy	Kharif	Nashik	Wheat
25	24	43	6.78	23.37	58.68	187	Loamy	Kharif	Nashik	Wheat
21	23	38	6.07	17.33	42.49	187	Alluvial	Kharif	Konkan	Rice
31	35	48	5.74	17.2	50.11	187	Alluvial	Kharif	Konkan	Rice
15	35	20	6.02	17.34	55.72	187	Alluvial	Kharif	Konkan	Rice
48	49	10	6.73	18.81	50.69	187	Loamy	Kharif	Nashik	Wheat
31	13	24	6.11	24.17	55.32	187	Alluvial	Kharif	Konkan	Rice
27	31	43	6.51	16.14	53.02	187	Loamy	Kharif	Nashik	Wheat
47	26	17	5.56	24.1	48.39	187	Alluvial	Kharif	Konkan	Rice
14	45	12	5.91	23.08	67.25	187	Alluvial	Kharif	Konkan	Rice
39	36	40	7.15	18.74	55.38	187	Loamy	Kharif	Nashik	Wheat
29	22	28	5.83	15.9	68.9	187	Alluvial	Kharif	Konkan	Rice
25	42	39	5.75	24.07	68.95	187	Alluvial	Kharif	Konkan	Rice
47	47	15	6.39	15.2	42.5	187	Alluvial	Kharif	Konkan	Rice
18	40	23	7.02	21.5	68.48	187	Loamy	Kharif	Nashik	Wheat
38	19	41	7.23	15.76	59.05	187	Loamy	Kharif	Nashik	Wheat
28	19	42	5.57	24.03	42.02	187	Alluvial	Kharif	Konkan	Rice
39	48	28	7.47	15.77	68.69	187	Loamy	Kharif	Nashik	Wheat
43	12	42	6.82	19.5	51.78	187	Loamy	Kharif	Nashik	Wheat
41	27	24	6.24	24.03	41.55	187	Alluvial	Kharif	Konkan	Rice
30	14	46	6.1	23.65	61.26	187	Alluvial	Kharif	Konkan	Rice
45	44	43	7.21	20.13	44.89	187	Loamy	Kharif	Nashik	Wheat
15	14	47	6.42	22.71	68.46	187	Alluvial	Kharif	Konkan	Rice
10	46	36	6.29	19.78	55.82	187	Alluvial	Kharif	Konkan	Rice
13	44	29	6.61	20.44	60.76	187	Loamy	Kharif	Nashik	Wheat
38	39	21	5.66	22.95	60.1	187	Alluvial	Kharif	Konkan	Rice
32	32	22	6.87	21.5	61.52	187	Loamy	Kharif	Nashik	Wheat
31	25	18	6.86	17.86	41.19	187	Loamy	Kharif	Nashik	Wheat
29	19	47	6.99	18.53	55.41	187	Loamy	Kharif	Nashik	Wheat
37	25	36	7.4	15.57	67.76	187	Loamy	Kharif	Nashik	Wheat
28	33	17	6.49	18.61	44.02	187	Alluvial	Kharif	Konkan	Rice
27	23	34	6.26	23.45	53.82	187	Alluvial	Kharif	Konkan	Rice
32	27	40	5.69	20.1	66.39	187	Alluvial	Kharif	Konkan	Rice
30	49	27	7.36	17.27	62.49	187	Loamy	Kharif	Nashik	Wheat
12	10	29	6.33	15.72	44.44	187	Alluvial	Kharif	Konkan	Rice
23	48	35	7.34	23.11	42.8	187	Loamy	Kharif	Nashik	Wheat
26	28	35	7.39	18.78	68.08	187	Loamy	Kharif	Nashik	Wheat
38	49	16	7.48	17.1	50.29	187	Loamy	Kharif	Nashik	Wheat
28	36	47	7.37	15.71	65.89	187	Loamy	Kharif	Nashik	Wheat
21	34	42	5.62	23.06	56.41	187	Alluvial	Kharif	Konkan	Rice
41	22	33	6.11	18.62	41.01	187	Alluvial	Kharif	Konkan	Rice
33	24	18	6	18.85	60.89	187	Alluvial	Kharif	Konkan	Rice
33	45	14	5.73	20.95	52.39	187	Alluvial	Kharif	Konkan	Rice
26	14	14	6.45	20.21	55.27	187	Alluvial	Kharif	Konkan	Rice
34	35	46	5.83	20.03	43.04	187	Alluvial	Kharif	Konkan	Rice
35	15	18	6.58	15.14	55.73	187	Loamy	Kharif	Nashik	Wheat
48	13	42	6.71	22.06	48.91	187	Loamy	Kharif	Nashik	Wheat
47	34	27	5.62	19.1	56.6	187	Alluvial	Kharif	Konkan	Rice
23	39	48	7.41	15.85	55.13	187	Loamy	Kharif	Nashik	Wheat
37	37	46	5.87	16.03	52.32	187	Alluvial	Kharif	Konkan	Rice
19	12	19	6.59	24.95	62.46	187	Loamy	Kharif	Nashik	Wheat
38	28	21	6.14	15.1	44.09	187	Alluvial	Kharif	Konkan	Rice
47	24	44	6.71	20.89	44.76	187	Loamy	Kharif	Nashik	Wheat
31	14	26	6.95	18.24	68.77	187	Loamy	Kharif	Nashik	Wheat
23	38	47	6.3	20.53	40.74	187	Alluvial	Kharif	Konkan	Rice
49	41	19	5.54	16.62	43.28	187	Alluvial	Kharif	Konkan	Rice
19	25	27	6.44	22.2	46.55	187	Alluvial	Kharif	Konkan	Rice
39	48	47	7.27	20.97	44.9	187	Loamy	Kharif	Nashik	Wheat
17	38	33	6.45	23.29	68.19	187	Alluvial	Kharif	Konkan	Rice
15	31	21	6.41	22.12	59.23	187	Alluvial	Kharif	Konkan	Rice
30	44	30	6.35	15.64	45.9	187	Alluvial	Kharif	Konkan	Rice
45	46	36	6.03	15.44	68.23	187	Alluvial	Kharif	Konkan	Rice
28	13	32	6.37	20.82	51.84	187	Alluvial	Kharif	Konkan	Rice
45	12	45	6.1	15.21	40.85	187	Alluvial	Kharif	Konkan	Rice
26	41	26	7.38	19.69	43.54	187	Loamy	Kharif	Nashik	Wheat
34	23	25	7.11	16.65	65.52	187	Loamy	Kharif	Nashik	Wheat
34	41	49	6.41	17.73	50.34	187	Alluvial	Kharif	Konkan	Rice
45	22	27	7.2	19.83	54.2	187	Loamy	Kharif	Nashik	Wheat
37	10	49	6.57	16.6	58.05	187	Loamy	Kharif	Nashik	Wheat
39	14	46	6.04	22.08	48.51	187	Alluvial	Kharif	Konkan	Rice
31	18	20	7.09	19.99	42.97	187	Loamy	Kharif	Nashik	Wheat
49	13	36	6.26	20.73	63.49	187	Alluvial	Kharif	Konkan	Rice
13	16	31	5.55	18.96	50.44	187	Alluvial	Kharif	Konkan	Rice
31	29	16	5.99	22.7	68.87	187	Alluvial	Kharif	Konkan	Rice
34	17	29	7.2	19.96	45.89	187	Loamy	Kharif	Nashik	Wheat
25	47	17	6.39	23.6	41.21	187	Alluvial	Kharif	Konkan	Rice
39	32	35	6.61	20.1	51.24	187	Loamy	Kharif	Nashik	Wheat
14	12	23	7.08	22.91	40.98	187	Loamy	Kharif	Nashik	Wheat
34	40	21	6.06	20.85	63.82	187	Alluvial	Kharif	Konkan	Rice
12	19	49	7.5	19.38	53.29	187	Loamy	Kharif	Nashik	Wheat
47	30	39	7.07	21.56	55.61	187	Loamy	Kharif	Nashik	Wheat
35	12	43	6.2	23.25	44.88	187	Alluvial	Kharif	Konkan	Rice
41	11	16	5.55	15.34	48.24	187	Alluvial	Kharif	Konkan	Rice
29	30	42	6.41	21.99	55.19	187	Alluvial	Kharif	Konkan	Rice
25	10	47	6.53	20.91	45.8	187	Loamy	Kharif	Nashik	Wheat
26	25	35	7.41	22.56	47.32	187	Loamy	Kharif	Nashik	Wheat
49	35	12	6.12	16.43	64.26	187	Alluvial	Kharif	Konkan	Rice
31	23	43	6.03	21	56.67	187	Alluvial	Kharif	Konkan	Rice
36	24	26	7.27	19.41	62.4	187	Loamy	Kharif	Nashik	Wheat
46	38	36	5.59	20.1	43.46	187	Alluvial	Kharif	Konkan	Rice
42	48	35	6.26	19.58	42.9	187	Alluvial	Kharif	Konkan	Rice
31	11	13	5.79	18.34	49.85	187	Alluvial	Kharif	Konkan	Rice
35	26	19	6.24	17.14	43.93	187	Alluvial	Kharif	Konkan	Rice
17	48	36	7.02	23.07	41.38	187	Loamy	Kharif	Nashik	Wheat
32	16	36	7.38	20.99	42.63	187	Loamy	Kharif	Nashik	Wheat
33	34	11	5.99	22.19	67.59	187	Alluvial	Kharif	Konkan	Rice
31	43	44	5.63	17.9	42.74	187	Alluvial	Kharif	Konkan	Rice
16	14	49	6.36	16.13	47.41	187	Alluvial	Kharif	Konkan	Rice
11	39	10	6.38	23.27	61.23	187	Alluvial	Kharif	Konkan	Rice
40	24	37	7.46	15.08	59.02	187	Loamy	Kharif	Nashik	Wheat
45	30	39	7.45	23.62	47.02	187	Loamy	Kharif	Nashik	Wheat
36	25	45	5.68	18.42	61.17	187	Alluvial	Kharif	Konkan	Rice
20	37	35	6.85	17.44	47.49	187	Loamy	Kharif	Nashik	Wheat
39	10	36	6.61	19.85	45.93	187	Loamy	Kharif	Nashik	Wheat
17	19	18	7.21	21.12	52.37	187	Loamy	Kharif	Nashik	Wheat
14	20	36	5.57	24.7	64.57	187	Alluvial	Kharif	Konkan	Rice
40	38	22	5.69	15.63	41.4	187	Alluvial	Kharif	Konkan	Rice
46	21	11	6.6	20.38	59.14	187	Loamy	Kharif	Nashik	Wheat
12	49	10	7.49	24.5	59.35	187	Loamy	Kharif	Nashik	Wheat
34	11	33	5.59	17.01	53.31	187	Alluvial	Kharif	Konkan	Rice
36	38	35	7.33	17.29	49.98	187	Loamy	Kharif	Nashik	Wheat
18	41	44	6.48	16.72	54.2	187	Alluvial	Kharif	Konkan	Rice
44	45	13	7.41	23.74	65.5	187	Loamy	Kharif	Nashik	Wheat
13	31	18	6.56	17.43	53.22	187	Loamy	Kharif	Nashik	Wheat
43	16	31	6.65	15.02	51.18	187	Loamy	Kharif	Nashik	Wheat
42	19	26	7.31	21.97	44.11	187	Loamy	Kharif	Nashik	Wheat
37	44	39	6.04	18.07	66.36	187	Alluvial	Kharif	Konkan	Rice
14	35	45	5.75	19.85	42	187	Alluvial	Kharif	Konkan	Rice
43	21	38	6.78	15.83	41.17	187	Loamy	Kharif	Nashik	Wheat
42	15	33	6.81	17	53.47	187	Loamy	Kharif	Nashik	Wheat
30	48	16	5.59	19.71	64.98	187	Alluvial	Kharif	Konkan	Rice
20	11	20	6.4	17.59	69.11	187	Alluvial	Kharif	Konkan	Rice
48	13	45	5.89	19.02	57.31	187	Alluvial	Kharif	Konkan	Rice
15	36	32	6.9	18.59	49.37	187	Loamy	Kharif	Nashik	Wheat
46	43	17	6.85	23.38	48.98	187	Loamy	Kharif	Nashik	Wheat
31	35	43	6.86	23.12	56.58	187	Loamy	Kharif	Nashik	Wheat
15	31	30	6.82	20.99	52.85	187	Loamy	Kharif	Nashik	Wheat
17	38	22	6.01	23.94	65.34	187	Alluvial	Kharif	Konkan	Rice
14	28	15	5.99	24.17	63.81	187	Alluvial	Kharif	Konkan	Rice
17	14	29	6.82	15.5	54.5	187	Loamy	Kharif	Nashik	Wheat
13	19	23	5.79	19.59	43.93	187	Alluvial	Kharif	Konkan	Rice
36	47	22	6.77	22.65	53.31	187	Loamy	Kharif	Nashik	Wheat
20	29	49	7.1	18.95	50.84	187	Loamy	Kharif	Nashik	Wheat
36	38	20	5.82	18.93	66.86	187	Alluvial	Kharif	Konkan	Rice
38	28	10	6.4	23.63	64.28	187	Alluvial	Kharif	Konkan	Rice
47	19	46	7.36	22.51	67.94	187	Loamy	Kharif	Nashik	Wheat
43	24	48	5.76	16.27	53.24	187	Alluvial	Kharif	Konkan	Rice
16	40	25	6.26	24.81	61.93	187	Alluvial	Kharif	Konkan	Rice
17	48	41	6.79	22.34	52.88	187	Loamy	Kharif	Nashik	Wheat
30	26	29	6.24	21.04	65.1	187	Alluvial	Kharif	Konkan	Rice
22	39	12	6.89	24.85	47.66	187	Loamy	Kharif	Nashik	Wheat
35	39	38	7.45	24.97	52	187	Loamy	Kharif	Nashik	Wheat
40	24	17	6.39	21.58	46.24	187	Alluvial	Kharif	Konkan	Rice
49	25	35	6.05	19.06	56.27	187	Alluvial	Kharif	Konkan	Rice
44	17	43	6.63	22.91	67.89	187	Loamy	Kharif	Nashik	Wheat
23	48	17	7.41	22.75	54.18	187	Loamy	Kharif	Nashik	Wheat
15	15	33	5.63	23.86	60.99	187	Alluvial	Kharif	Konkan	Rice
11	46	38	5.92	17.79	54.75	187	Alluvial	Kharif	Konkan	Rice
40	11	19	5.8	15.69	55.84	187	Alluvial	Kharif	Konkan	Rice
11	20	26	7.09	17.74	49.32	187	Loamy	Kharif	Nashik	Wheat
21	39	33	6.2	15.14	52.82	187	Alluvial	Kharif	Konkan	Rice
36	41	12	6.41	20.37	40.74	187	Alluvial	Kharif	Konkan	Rice
38	30	14	6.73	16.34	43.81	187	Loamy	Kharif	Nashik	Wheat
34	25	17	6.19	23.84	52.08	187	Alluvial	Kharif	Konkan	Rice
41	29	33	5.57	16.99	59.8	187	Alluvial	Kharif	Konkan	Rice
16	49	43	6.07	23.42	64.66	187	Alluvial	Kharif	Konkan	Rice
36	17	40	6.6	19.39	52.08	187	Loamy	Kharif	Nashik	Wheat
20	40	40	6.95	15.03	56.62	187	Loamy	Kharif	Nashik	Wheat
14	42	47	7.12	20.07	44.33	187	Loamy	Kharif	Nashik	Wheat
27	25	41	6.67	18.96	56.75	187	Loamy	Kharif	Nashik	Wheat
49	41	36	7.08	24.53	55.25	187	Loamy	Kharif	Nashik	Wheat
12	22	21	7.36	18.41	44.64	187	Loamy	Kharif	Nashik	Wheat
13	17	38	7.08	22.06	46.01	187	Loamy	Kharif	Nashik	Wheat
12	14	10	5.8	21.05	53.73	187	Alluvial	Kharif	Konkan	Rice
27	46	23	7.45	20.94	67.46	187	Loamy	Kharif	Nashik	Wheat
21	28	28	7.06	18.75	69.46	187	Loamy	Kharif	Nashik	Wheat
30	35	18	7.24	22.98	66.49	187	Loamy	Kharif	Nashik	Wheat
41	44	27	6.91	19.57	53.84	187	Loamy	Kharif	Nashik	Wheat
30	29	20	5.8	23.63	49.73	187	Alluvial	Kharif	Konkan	Rice
19	19	30	6.82	17.16	53.43	187	Loamy	Kharif	Nashik	Wheat
42	36	11	7.26	17.66	55.98	187	Loamy	Kharif	Nashik	Wheat
29	40	49	6.86	24.1	44.67	187	Loamy	Kharif	Nashik	Wheat
44	33	26	5.74	21.3	62.11	187	Alluvial	Kharif	Konkan	Rice
19	28	45	6.11	17.56	62.42	187	Alluvial	Kharif	Konkan	Rice
27	31	10	5.68	21.14	41.48	187	Alluvial	Kharif	Konkan	Rice
40	17	26	6.7	20.61	64.39	187	Loamy	Kharif	Nashik	Wheat
48	29	47	6.7	15.85	40.07	187	Loamy	Kharif	Nashik	Wheat
41	42	42	6.62	18.32	49.24	187	Loamy	Kharif	Nashik	Wheat
46	16	46	7.24	16.79	56.5	187	Loamy	Kharif	Nashik	Wheat
19	45	24	5.91	17.83	58	187	Alluvial	Kharif	Konkan	Rice
21	17	49	7.32	20.84	59.14	187	Loamy	Kharif	Nashik	Wheat
13	25	35	6.98	16.48	57.91	187	Loamy	Kharif	Nashik	Wheat
21	46	16	6.04	20.66	40.44	187	Alluvial	Kharif	Konkan	Rice
28	29	15	5.79	15.38	57.73	187	Alluvial	Kharif	Konkan	Rice
11	29	37	5.57	20.29	42.22	187	Alluvial	Kharif	Konkan	Rice
23	13	39	6.23	21.01	45.91	187	Alluvial	Kharif	Konkan	Rice
28	17	25	6.28	19.86	68.09	187	Alluvial	Kharif	Konkan	Rice
36	41	39	6.16	24.58	54.87	187	Alluvial	Kharif	Konkan	Rice
11	39	11	5.93	24.69	62.39	187	Alluvial	Kharif	Konkan	Rice
46	30	18	6.77	17.59	67.79	187	Loamy	Kharif	Nashik	Wheat
15	18	31	6.69	23.94	61.13	187	Loamy	Kharif	Nashik	Wheat
40	39	40	5.78	16.71	40.48	187	Alluvial	Kharif	Konkan	Rice
27	35	25	7.31	15.19	44.35	187	Loamy	Kharif	Nashik	Wheat
11	14	47	6.65	17.72	63.89	187	Loamy	Kharif	Nashik	Wheat
12	27	17	5.96	20.14	60.47	187	Alluvial	Kharif	Konkan	Rice
24	17	34	6.28	21.45	57.32	187	Alluvial	Kharif	Konkan	Rice
42	45	49	6.89	17.46	68.85	187	Loamy	Kharif	Nashik	Wheat
26	28	39	6.95	20.9	55.35	187	Loamy	Kharif	Nashik	Wheat
19	47	27	6.17	15.52	46.21	187	Alluvial	Kharif	Konkan	Rice
24	17	46	7.3	22.84	66.61	187	Loamy	Kharif	Nashik	Wheat
10	44	14	5.97	20.96	62.75	187	Alluvial	Kharif	Konkan	Rice
45	32	40	7.49	22.8	57.86	187	Loamy	Kharif	Nashik	Wheat
14	29	23	5.84	21.26	45.01	187	Alluvial	Kharif	Konkan	Rice
46	28	19	5.54	21.58	68.85	187	Alluvial	Kharif	Konkan	Rice
20	30	16	6.74	18.36	47.71	187	Loamy	Kharif	Nashik	Wheat
20	12	36	6.17	17.33	67.37	187	Alluvial	Kharif	Konkan	Rice
45	28	49	6.34	23.24	45.52	187	Alluvial	Kharif	Konkan	Rice
47	34	32	6.02	16.03	65.37	187	Alluvial	Kharif	Konkan	Rice
18	26	47	7.1	15.79	52.52	187	Loamy	Kharif	Nashik	Wheat
28	31	16	6.55	20.23	65.03	187	Loamy	Kharif	Nashik	Wheat
46	28	14	5.68	24.66	45.78	187	Alluvial	Kharif	Konkan	Rice
21	29	20	7	22.14	48.85	187	Loamy	Kharif	Nashik	Wheat
12	26	34	7.44	17.35	46.33	187	Loamy	Kharif	Nashik	Wheat
30	14	23	6.11	16.26	43.53	187	Alluvial	Kharif	Konkan	Rice
31	36	29	6.41	24.61	63.35	187	Alluvial	Kharif	Konkan	Rice
38	37	28	5.63	15.88	55.2	187	Alluvial	Kharif	Konkan	Rice
30	49	26	6.64	24.99	66.15	187	Loamy	Kharif	Nashik	Wheat
30	41	21	6.15	21.82	68.14	187	Alluvial	Kharif	Konkan	Rice
22	45	23	5.61	21.98	66.81	187	Alluvial	Kharif	Konkan	Rice
13	30	15	6.48	21.31	54.88	187	Alluvial	Kharif	Konkan	Rice
21	39	26	6.93	19.89	49.46	187	Loamy	Kharif	Nashik	Wheat
30	49	44	6.84	15.52	47.26	187	Loamy	Kharif	Nashik	Wheat
33	22	15	6.94	15.66	51.88	187	Loamy	Kharif	Nashik	Wheat
49	29	35	6.57	20.26	40.84	187	Loamy	Kharif	Nashik	Wheat
17	25	33	6.06	19.76	65.01	187	Alluvial	Kharif	Konkan	Rice
25	39	45	6.92	20.57	65.51	187	Loamy	Kharif	Nashik	Wheat
49	25	16	5.87	17.77	54.2	187	Alluvial	Kharif	Konkan	Rice
28	21	14	5.57	19.32	57.16	187	Alluvial	Kharif	Konkan	Rice
49	45	25	6.3	15.68	69.48	187	Alluvial	Kharif	Konkan	Rice
28	23	35	7.18	15.4	43.66	187	Loamy	Kharif	Nashik	Wheat
13	13	35	7.02	19.55	52.72	187	Loamy	Kharif	Nashik	Wheat
34	30	46	7.39	18.36	58.48	187	Loamy	Kharif	Nashik	Wheat
27	48	30	7.27	19.2	63.35	187	Loamy	Kharif	Nashik	Wheat
24	21	19	5.87	20.35	43.88	187	Alluvial	Kharif	Konkan	Rice
34	49	19	6.2	24.19	61.88	187	Alluvial	Kharif	Konkan	Rice
30	35	20	5.6	24.51	53.11	187	Alluvial	Kharif	Konkan	Rice
21	36	40	6.05	21.82	51.05	187	Alluvial	Kharif	Konkan	Rice
21	48	15	7.3	18.41	50.28	187	Loamy	Kharif	Nashik	Wheat
45	22	31	6.35	15.28	57.02	187	Alluvial	Kharif	Konkan	Rice
28	42	16	6.6	18.44	63.43	187	Loamy	Kharif	Nashik	Wheat
28	26	42	5.84	15.48	53.78	187	Alluvial	Kharif	Konkan	Rice
28	29	48	7.23	19.67	48.82	187	Loamy	Kharif	Nashik	Wheat
16	25	34	5.73	23.76	59.01	187	Alluvial	Kharif	Konkan	Rice
11	14	26	6.4	16.09	57.35	187	Alluvial	Kharif	Konkan	Rice
38	29	33	7.18	16.6	42.42	187	Loamy	Kharif	Nashik	Wheat
36	37	43	5.55	20.85	43.47	187	Alluvial	Kharif	Konkan	Rice
25	45	13	7.08	24.27	52.43	187	Loamy	Kharif	Nashik	Wheat
13	15	14	6.63	24.43	48.21	187	Loamy	Kharif	Nashik	Wheat
17	45	21	6.52	21.13	56.37	187	Loamy	Kharif	Nashik	Wheat
44	44	14	6.74	21.71	41.73	187	Loamy	Kharif	Nashik	Wheat
17	35	41	5.63	21.74	52.5	187	Alluvial	Kharif	Konkan	Rice
26	47	26	5.75	23.19	66.61	187	Alluvial	Kharif	Konkan	Rice
41	25	47	5.73	24.17	45.41	187	Alluvial	Kharif	Konkan	Rice
45	31	28	5.8	19.1	59.49	187	Alluvial	Kharif	Konkan	Rice
30	10	30	5.87	21.65	45.49	187	Alluvial	Kharif	Konkan	Rice
25	36	47	6.53	20.26	58.37	187	Loamy	Kharif	Nashik	Wheat
24	15	49	7.44	24.9	55.1	187	Loamy	Kharif	Nashik	Wheat
16	38	26	7.29	17.86	54.32	187	Loamy	Kharif	Nashik	Wheat
29	48	28	5.7	18.28	40.35	187	Alluvial	Kharif	Konkan	Rice
47	47	33	6.16	23.38	45.78	187	Alluvial	Kharif	Konkan	Rice
11	13	14	6.3	18.5	50.23	187	Alluvial	Kharif	Konkan	Rice
47	49	40	6.95	19.89	57.29	187	Loamy	Kharif	Nashik	Wheat
32	22	18	6.85	21.4	44.71	187	Loamy	Kharif	Nashik	Wheat
41	47	46	7.25	22.19	44.65	187	Loamy	Kharif	Nashik	Wheat
16	23	45	5.57	18.08	47.29	187	Alluvial	Kharif	Konkan	Rice
37	41	41	5.84	17.52	48.85	187	Alluvial	Kharif	Konkan	Rice
18	11	48	7.48	22.92	55.97	187	Loamy	Kharif	Nashik	Wheat
21	35	30	6.24	20.5	43.33	187	Alluvial	Kharif	Konkan	Rice
25	21	34	6.29	24.72	63.99	187	Alluvial	Kharif	Konkan	Rice
30	39	42	6.36	16.62	41.13	187	Alluvial	Kharif	Konkan	Rice
19	45	36	7.4	23.61	57.73	187	Loamy	Kharif	Nashik	Wheat
13	20	47	6.1	22.24	61.91	187	Alluvial	Kharif	Konkan	Rice
44	46	41	6.34	21.33	41.61	187	Alluvial	Kharif	Konkan	Rice
13	45	13	6.47	16.74	47.58	187	Alluvial	Kharif	Konkan	Rice
39	10	13	7.25	16.88	67.56	187	Loamy	Kharif	Nashik	Wheat
16	26	20	5.53	20.78	48.46	187	Alluvial	Kharif	Konkan	Rice
13	35	38	6.28	19.95	69.94	187	Alluvial	Kharif	Konkan	Rice
35	27	39	7.42	15.26	56.74	187	Loamy	Kharif	Nashik	Wheat
16	43	49	7.17	18.43	43.4	187	Loamy	Kharif	Nashik	Wheat
30	41	20	6.41	23.09	65.87	187	Alluvial	Kharif	Konkan	Rice
17	36	30	7.09	19.62	62.41	187	Loamy	Kharif	Nashik	Wheat
19	34	15	7.38	19.45	56.74	187	Loamy	Kharif	Nashik	Wheat
40	33	16	6.16	19.28	65.76	187	Alluvial	Kharif	Konkan	Rice
39	24	40	6.23	21	41.06	187	Alluvial	Kharif	Konkan	Rice
31	18	28	6.51	20.93	68.3	187	Loamy	Kharif	Nashik	Wheat
17	32	11	6.51	18.25	49.48	187	Loamy	Kharif	Nashik	Wheat
32	22	34	5.57	22.17	63.68	187	Alluvial	Kharif	Konkan	Rice
47	31	36	7.28	16.74	67.26	187	Loamy	Kharif	Nashik	Wheat
11	14	34	7.09	16.07	68.62	187	Loamy	Kharif	Nashik	Wheat
35	14	46	6.73	21.24	59.53	187	Loamy	Kharif	Nashik	Wheat
24	26	14	7	24.03	50.31	187	Loamy	Kharif	Nashik	Wheat
46	14	17	7.39	23.48	51.94	187	Loamy	Kharif	Nashik	Wheat
27	10	19	5.7	23.8	56.7	187	Alluvial	Kharif	Konkan	Rice
47	23	45	6.97	23.74	64.02	187	Loamy	Kharif	Nashik	Wheat
18	49	10	7.18	17.31	48.59	187	Loamy	Kharif	Nashik	Wheat
16	11	47	7.12	19.81	45.16	187	Loamy	Kharif	Nashik	Wheat
40	25	25	7.37	19.07	41.97	187	Loamy	Kharif	Nashik	Wheat
26	26	42	5.8	19.7	51.24	187	Alluvial	Kharif	Konkan	Rice
10	24	38	6.78	15.06	61.73	187	Loamy	Kharif	Nashik	Wheat
17	27	41	5.96	17.18	49.15	187	Alluvial	Kharif	Konkan	Rice
17	24	17	6.29	18.07	43.88	187	Alluvial	Kharif	Konkan	Rice
47	27	38	7.43	17.24	63.3	187	Loamy	Kharif	Nashik	Wheat
43	35	48	5.97	23.5	69.52	187	Alluvial	Kharif	Konkan	Rice
43	26	13	7.03	15.23	61.06	187	Loamy	Kharif	Nashik	Wheat
18	33	46	5.53	20.06	50.69	187	Alluvial	Kharif	Konkan	Rice
37	21	11	6.01	22.01	43.34	187	Alluvial	Kharif	Konkan	Rice
30	17	18	7.06	22.26	43	187	Loamy	Kharif	Nashik	Wheat
15	40	37	6.34	19.81	69.09	187	Alluvial	Kharif	Konkan	Rice
36	12	16	6.51	21.46	41.73	187	Loamy	Kharif	Nashik	Wheat
49	47	32	7.04	16.03	55.82	187	Loamy	Kharif	Nashik	Wheat
26	29	29	6.49	15.8	46.22	187	Alluvial	Kharif	Konkan	Rice
12	31	13	7.17	19.22	60.38	187	Loamy	Kharif	Nashik	Wheat
42	16	48	7	22.24	46.12	187	Loamy	Kharif	Nashik	Wheat
44	38	42	6.4	15.32	43.58	187	Alluvial	Kharif	Konkan	Rice
25	43	32	6.69	16.27	64.36	187	Loamy	Kharif	Nashik	Wheat
17	48	36	7.14	18.89	41.71	187	Loamy	Kharif	Nashik	Wheat
24	38	32	7.03	23.4	51.47	187	Loamy	Kharif	Nashik	Wheat
12	13	26	6.69	20.2	68.86	187	Loamy	Kharif	Nashik	Wheat
24	47	44	5.98	18.32	43.3	187	Alluvial	Kharif	Konkan	Rice
17	27	34	5.67	16.25	63.05	187	Alluvial	Kharif	Konkan	Rice
24	32	22	5.77	22.36	63.48	187	Alluvial	Kharif	Konkan	Rice
48	37	45	5.76	17.55	51.38	187	Alluvial	Kharif	Konkan	Rice
16	44	28	6.8	15.16	52.57	187	Loamy	Kharif	Nashik	Wheat
13	17	24	6.46	22.87	57.65	187	Alluvial	Kharif	Konkan	Rice
22	19	19	7.18	21.19	55.75	187	Loamy	Kharif	Nashik	Wheat
16	14	29	5.9	21.01	57.7	187	Alluvial	Kharif	Konkan	Rice
17	43	21	6.16	15.22	65.77	187	Alluvial	Kharif	Konkan	Rice
26	36	13	6.97	23.21	45.27	187	Loamy	Kharif	Nashik	Wheat
26	24	13	6.91	24.51	62.15	187	Loamy	Kharif	Nashik	Wheat
10	42	23	5.93	24.91	46.25	187	Alluvial	Kharif	Konkan	Rice
19	26	19	6.33	20.75	68.49	187	Alluvial	Kharif	Konkan	Rice
29	17	28	5.91	24.87	53.57	187	Alluvial	Kharif	Konkan	Rice
11	27	14	7.15	17.99	52.46	187	Loamy	Kharif	Nashik	Wheat
22	20	35	6.19	17.51	61.33	187	Alluvial	Kharif	Konkan	Rice
42	31	39	6.66	23.84	47.99	187	Loamy	Kharif	Nashik	Wheat
27	36	45	7.1	22.85	65.81	187	Loamy	Kharif	Nashik	Wheat
12	10	46	7.16	19.31	69.47	187	Loamy	Kharif	Nashik	Wheat
34	34	24	5.97	21.57	41.12	187	Alluvial	Kharif	Konkan	Rice
39	25	47	5.61	24.34	43.92	187	Alluvial	Kharif	Konkan	Rice
20	48	12	7.46	15.13	61.97	187	Loamy	Kharif	Nashik	Wheat
18	45	17	6.97	18.74	44.43	187	Loamy	Kharif	Nashik	Wheat
42	25	49	6.8	18.58	40.33	187	Loamy	Kharif	Nashik	Wheat
26	33	19	5.72	19.37	40.19	187	Alluvial	Kharif	Konkan	Rice
47	45	36	7.19	19.41	44.45	187	Loamy	Kharif	Nashik	Wheat
23	35	45	6.22	17.31	49.21	187	Alluvial	Kharif	Konkan	Rice
26	46	39	7.24	15.36	59.32	187	Loamy	Kharif	Nashik	Wheat
27	11	45	7.08	21.36	46.01	187	Loamy	Kharif	Nashik	Wheat
26	49	17	7.17	16.34	55.53	187	Loamy	Kharif	Nashik	Wheat
13	18	46	7.23	23.18	65.63	187	Loamy	Kharif	Nashik	Wheat
41	23	48	6.61	22.72	56.52	187	Loamy	Kharif	Nashik	Wheat
25	36	10	7.14	24.11	41.67	187	Loamy	Kharif	Nashik	Wheat
34	37	38	5.89	16.72	64.16	187	Alluvial	Kharif	Konkan	Rice
36	25	32	6.51	22.56	66.55	187	Loamy	Kharif	Nashik	Wheat
17	42	36	6.29	17.99	63.98	187	Alluvial	Kharif	Konkan	Rice
46	28	37	7.35	15.07	69.07	187	Loamy	Kharif	Nashik	Wheat
31	22	36	6.62	20.91	53.27	187	Loamy	Kharif	Nashik	Wheat
11	24	31	6.42	19.97	69.93	187	Alluvial	Kharif	Konkan	Rice
49	40	25	5.66	22.82	55.33	187	Alluvial	Kharif	Konkan	Rice
32	48	38	6.9	18.91	42.21	187	Loamy	Kharif	Nashik	Wheat
21	20	17	7.16	24.79	55.25	187	Loamy	Kharif	Nashik	Wheat
10	34	36	6.34	18.4	46.08	187	Alluvial	Kharif	Konkan	Rice
43	37	27	7.26	15.7	60.51	187	Loamy	Kharif	Nashik	Wheat
20	21	36	6.82	22.23	49.58	187	Loamy	Kharif	Nashik	Wheat
45	24	15	6.8	22.68	55.82	187	Loamy	Kharif	Nashik	Wheat
25	49	15	6.2	23.75	54.63	187	Alluvial	Kharif	Konkan	Rice
31	11	30	7.05	20.16	68.22	187	Loamy	Kharif	Nashik	Wheat
46	37	14	7.17	18.27	57.02	187	Loamy	Kharif	Nashik	Wheat
12	25	19	5.51	23.81	54.62	187	Alluvial	Kharif	Konkan	Rice
22	36	35	5.58	22.3	64.12	187	Alluvial	Kharif	Konkan	Rice
30	12	19	6.26	24.56	40.04	187	Alluvial	Kharif	Konkan	Rice
17	33	20	6.77	18.79	43.55	187	Loamy	Kharif	Nashik	Wheat
15	25	47	7.32	21.46	61.46	187	Loamy	Kharif	Nashik	Wheat
42	18	17	5.69	19.98	42.77	187	Alluvial	Kharif	Konkan	Rice
17	24	29	7.11	20.79	46.72	187	Loamy	Kharif	Nashik	Wheat
12	14	17	6.03	16.55	59.41	187	Alluvial	Kharif	Konkan	Rice
41	30	17	6.2	21.81	55.81	187	Alluvial	Kharif	Konkan	Rice
36	45	22	6.98	24.43	43.17	187	Loamy	Kharif	Nashik	Wheat
40	22	45	6.25	21.31	47.13	187	Alluvial	Kharif	Konkan	Rice
29	31	24	5.68	17.23	66.33	187	Alluvial	Kharif	Konkan	Rice
24	27	21	6.14	18.47	54.84	187	Alluvial	Kharif	Konkan	Rice
34	48	13	7.15	24.62	66.93	187	Loamy	Kharif	Nashik	Wheat
22	32	39	5.63	18.94	51.47	187	Alluvial	Kharif	Konkan	Rice
39	34	40	6.01	19.58	60.6	187	Alluvial	Kharif	Konkan	Rice
31	48	16	6.4	19.23	49.46	187	Alluvial	Kharif	Konkan	Rice
27	14	19	7.23	18.4	44.76	187	Loamy	Kharif	Nashik	Wheat
40	12	32	6.48	16.16	59.7	187	Alluvial	Kharif	Konkan	Rice
32	47	18	6.72	21.91	55.03	187	Loamy	Kharif	Nashik	Wheat
46	49	29	7.44	21.34	51.57	187	Loamy	Kharif	Nashik	Wheat
13	17	43	6.82	15.35	62.43	187	Loamy	Kharif	Nashik	Wheat
35	14	46	7.11	20.54	62.2	187	Loamy	Kharif	Nashik	Wheat
25	48	48	7.03	23.29	68.05	187	Loamy	Kharif	Nashik	Wheat
30	10	12	7.45	19.61	47.31	187	Loamy	Kharif	Nashik	Wheat
20	43	15	6.59	18.03	41.23	187	Loamy	Kharif	Nashik	Wheat
11	43	39	5.89	19.54	65.94	187	Alluvial	Kharif	Konkan	Rice
19	33	30	6.93	20.57	55.64	187	Loamy	Kharif	Nashik	Wheat
26	48	45	6.14	16.02	43.71	187	Alluvial	Kharif	Konkan	Rice
25	35	30	6.4	18.94	49.03	187	Alluvial	Kharif	Konkan	Rice
11	27	13	6.62	21.5	45.01	187	Loamy	Kharif	Nashik	Wheat
29	16	19	7.2	23.54	51.72	187	Loamy	Kharif	Nashik	Wheat
32	17	21	6.39	22.8	54.12	187	Alluvial	Kharif	Konkan	Rice
23	19	10	7.39	23.31	52.11	187	Loamy	Kharif	Nashik	Wheat
11	12	32	5.99	22.77	58.18	187	Alluvial	Kharif	Konkan	Rice
23	18	27	5.95	19.2	45.5	187	Alluvial	Kharif	Konkan	Rice
45	43	11	6.64	16.15	63.4	187	Loamy	Kharif	Nashik	Wheat
24	37	34	6.95	18.32	50.28	187	Loamy	Kharif	Nashik	Wheat
36	20	14	6.45	22.4	48.58	187	Alluvial	Kharif	Konkan	Rice
20	36	17	7.41	24.39	45.5	187	Loamy	Kharif	Nashik	Wheat
34	49	44	5.96	15.51	54.43	187	Alluvial	Kharif	Konkan	Rice
13	10	49	7.05	21.07	50.11	187	Loamy	Kharif	Nashik	Wheat
42	11	10	7.48	18.52	57.13	187	Loamy	Kharif	Nashik	Wheat
39	14	16	6.71	17.16	50.61	187	Loamy	Kharif	Nashik	Wheat
25	20	38	7.01	23.83	56.29	187	Loamy	Kharif	Nashik	Wheat
44	10	40	5.55	23.15	69.74	187	Alluvial	Kharif	Konkan	Rice
25	25	11	6.48	21.27	67.28	187	Alluvial	Kharif	Konkan	Rice
17	42	12	6.99	19.08	53.84	187	Loamy	Kharif	Nashik	Wheat
18	39	36	6.33	23.59	40.63	187	Alluvial	Kharif	Konkan	Rice
10	24	30	7.42	17.08	44.92	187	Loamy	Kharif	Nashik	Wheat
29	20	13	6.95	24.25	61.17	187	Loamy	Kharif	Nashik	Wheat
48	43	17	7.45	24.05	61.87	187	Loamy	Kharif	Nashik	Wheat
35	47	48	6.21	19.16	66.03	187	Alluvial	Kharif	Konkan	Rice
14	48	27	6.63	19.45	55.38	187	Loamy	Kharif	Nashik	Wheat
46	17	14	6.61	22.48	48.12	187	Loamy	Kharif	Nashik	Wheat
39	32	42	5.84	17.63	68.1	187	Alluvial	Kharif	Konkan	Rice
20	14	14	7.4	22.71	65	187	Loamy	Kharif	Nashik	Wheat
22	21	34	5.95	22.91	61.29	187	Alluvial	Kharif	Konkan	Rice
42	15	32	7.47	20.91	63.44	187	Loamy	Kharif	Nashik	Wheat
49	13	39	6.45	21.7	66.74	187	Alluvial	Kharif	Konkan	Rice
23	19	27	5.69	24.39	58.78	187	Alluvial	Kharif	Konkan	Rice
31	25	39	7.05	16.66	43.35	187	Loamy	Kharif	Nashik	Wheat
23	10	42	7.17	18.17	46.46	187	Loamy	Kharif	Nashik	Wheat
13	15	25	5.88	15.52	52.06	187	Alluvial	Kharif	Konkan	Rice
46	34	22	6.84	19.75	47.1	187	Loamy	Kharif	Nashik	Wheat
20	26	32	5.61	24.25	69.8	187	Alluvial	Kharif	Konkan	Rice
16	43	10	6.18	21.77	46.54	187	Alluvial	Kharif	Konkan	Rice
41	24	37	6.67	15.62	54.93	187	Loamy	Kharif	Nashik	Wheat
48	19	26	6.09	24.72	67.08	187	Alluvial	Kharif	Konkan	Rice
29	13	14	5.87	22.86	50.95	187	Alluvial	Kharif	Konkan	Rice
37	43	22	6.54	17.68	47.15	187	Loamy	Kharif	Nashik	Wheat
32	20	35	7.25	24.68	50.8	187	Loamy	Kharif	Nashik	Wheat
45	42	26	7.22	22.92	53.56	187	Loamy	Kharif	Nashik	Wheat
18	17	12	6.37	24.08	57.89	187	Alluvial	Kharif	Konkan	Rice
26	34	32	7.2	23.11	41.43	187	Loamy	Kharif	Nashik	Wheat
10	37	48	5.77	23.3	59.02	187	Alluvial	Kharif	Konkan	Rice
33	25	47	6.47	21.45	67.36	187	Alluvial	Kharif	Konkan	Rice
37	47	19	6.99	15.79	45.37	187	Loamy	Kharif	Nashik	Wheat
20	17	42	6.43	17.25	68.46	187	Alluvial	Kharif	Konkan	Rice
37	34	46	7.45	17.39	55.99	187	Loamy	Kharif	Nashik	Wheat
38	19	14	6.47	21.42	63.83	187	Alluvial	Kharif	Konkan	Rice
47	18	34	5.83	21.86	40.5	187	Alluvial	Kharif	Konkan	Rice
42	25	21	7.13	17.96	62.79	187	Loamy	Kharif	Nashik	Wheat
33	36	38	5.51	23.21	41.36	187	Alluvial	Kharif	Konkan	Rice
12	36	47	7.15	19.18	52.15	187	Loamy	Kharif	Nashik	Wheat
37	19	12	7.32	18.97	40.65	187	Loamy	Kharif	Nashik	Wheat
14	22	44	6.67	17.21	56.04	187	Loamy	Kharif	Nashik	Wheat
11	29	44	6.24	15.12	44.83	187	Alluvial	Kharif	Konkan	Rice
43	30	21	6.96	18.37	54.26	187	Loamy	Kharif	Nashik	Wheat
32	48	16	7.49	20.07	64.86	187	Loamy	Kharif	Nashik	Wheat
23	42	35	7.15	21.78	53.68	187	Loamy	Kharif	Nashik	Wheat
30	36	16	6.67	16.09	69.97	187	Loamy	Kharif	Nashik	Wheat
40	40	18	6.99	21.66	60.97	187	Loamy	Kharif	Nashik	Wheat
21	29	32	7	22.74	56.28	187	Loamy	Kharif	Nashik	Wheat
13	17	12	5.67	20.11	42.36	187	Alluvial	Kharif	Konkan	Rice
48	23	22	5.64	23.44	60.04	187	Alluvial	Kharif	Konkan	Rice
48	10	21	6.94	23.17	59.76	187	Loamy	Kharif	Nashik	Wheat
37	42	15	6.83	22.44	40.77	187	Loamy	Kharif	Nashik	Wheat
47	25	49	6.17	15.36	69.04	187	Alluvial	Kharif	Konkan	Rice
16	15	43	6.5	24.26	59.73	187	Loamy	Kharif	Nashik	Wheat
43	47	34	6.53	20.94	42.21	187	Loamy	Kharif	Nashik	Wheat
27	10	49	7.1	22.5	56.91	187	Loamy	Kharif	Nashik	Wheat
25	20	26	6.04	24.28	59.21	187	Alluvial	Kharif	Konkan	Rice
10	15	13	5.72	15.09	62.45	187	Alluvial	Kharif	Konkan	Rice
48	33	46	6.38	21.42	52.19	187	Alluvial	Kharif	Konkan	Rice
34	16	35	6.32	19.86	69.96	187	Alluvial	Kharif	Konkan	Rice
17	37	21	7.06	19.84	50.32	187	Loamy	Kharif	Nashik	Wheat
26	26	17	7.24	24.41	69.66	187	Loamy	Kharif	Nashik	Wheat
33	41	22	5.51	16.34	62.5	187	Alluvial	Kharif	Konkan	Rice
22	28	35	6.98	22.11	67.8	187	Loamy	Kharif	Nashik	Wheat
35	29	21	6.83	18.1	57.79	187	Loamy	Kharif	Nashik	Wheat
44	32	32	6.62	22.47	58.79	187	Loamy	Kharif	Nashik	Wheat
12	46	46	6.76	18.58	63.97	187	Loamy	Kharif	Nashik	Wheat
18	35	45	6.51	24.84	67.76	187	Loamy	Kharif	Nashik	Wheat
47	31	31	6.2	20.76	60.53	187	Alluvial	Kharif	Konkan	Rice
29	47	36	6.25	17.82	64.65	187	Alluvial	Kharif	Konkan	Rice
40	26	19	6.66	15.11	45.92	187	Loamy	Kharif	Nashik	Wheat
24	27	33	6.45	24.07	63.72	187	Alluvial	Kharif	Konkan	Rice
15	41	42	6.31	19.15	56.56	187	Alluvial	Kharif	Konkan	Rice
24	16	35	7.12	21.22	46.71	187	Loamy	Kharif	Nashik	Wheat
39	35	44	7.23	15.55	64.53	187	Loamy	Kharif	Nashik	Wheat
21	41	25	5.73	15.15	68.25	187	Alluvial	Kharif	Konkan	Rice
10	43	22	6.97	18.43	68.39	187	Loamy	Kharif	Nashik	Wheat
14	46	12	5.66	22.29	43.88	187	Alluvial	Kharif	Konkan	Rice
33	12	36	6.54	19.14	58.65	187	Loamy	Kharif	Nashik	Wheat
38	13	47	6.91	16.29	59.69	187	Loamy	Kharif	Nashik	Wheat
28	28	43	7.16	24.1	64.6	187	Loamy	Kharif	Nashik	Wheat
40	41	36	6.58	18.1	65.94	187	Loamy	Kharif	Nashik	Wheat
33	33	46	6.34	21.67	40.49	187	Alluvial	Kharif	Konkan	Rice
20	11	18	7.31	23.27	66.92	187	Loamy	Kharif	Nashik	Wheat
34	29	13	6.61	17.94	41.06	187	Loamy	Kharif	Nashik	Wheat
25	46	19	5.58	15.21	65.51	187	Alluvial	Kharif	Konkan	Rice
46	37	46	6.63	19.51	61.32	187	Loamy	Kharif	Nashik	Wheat
45	14	41	7.29	24.06	54.02	187	Loamy	Kharif	Nashik	Wheat
16	27	36	6.92	19.26	51.63	187	Loamy	Kharif	Nashik	Wheat
41	18	46	6.14	19.04	43.78	187	Alluvial	Kharif	Konkan	Rice
17	45	38	6.48	22.09	57.92	187	Alluvial	Kharif	Konkan	Rice
43	39	33	7.37	15.06	67	187	Loamy	Kharif	Nashik	Wheat
48	45	36	6.02	19.64	57.38	187	Alluvial	Kharif	Konkan	Rice
27	36	11	7.02	20.63	67.18	187	Loamy	Kharif	Nashik	Wheat
12	27	25	5.58	21.1	51.17	187	Alluvial	Kharif	Konkan	Rice
27	22	15	7.31	17.25	62.27	187	Loamy	Kharif	Nashik	Wheat
48	30	19	5.97	18.1	42.92	187	Alluvial	Kharif	Konkan	Rice
43	25	12	6.74	23.41	41.01	187	Loamy	Kharif	Nashik	Wheat
35	20	33	7.26	19.35	61.34	187	Loamy	Kharif	Nashik	Wheat
40	24	31	7.25	17.58	48.37	187	Loamy	Kharif	Nashik	Wheat
33	22	33	6.09	24.29	49.33	187	Alluvial	Kharif	Konkan	Rice
38	29	40	7.37	23.84	60.52	187	Loamy	Kharif	Nashik	Wheat
15	38	47	6.83	23.55	43.9	187	Loamy	Kharif	Nashik	Wheat
16	28	24	6.86	15.83	48.41	187	Loamy	Kharif	Nashik	Wheat
41	37	35	7.13	23.65	64.81	187	Loamy	Kharif	Nashik	Wheat
36	26	11	6.08	17.11	48.58	187	Alluvial	Kharif	Konkan	Rice
37	11	21	6.27	22.98	62.59	187	Alluvial	Kharif	Konkan	Rice
47	43	42	5.69	21.75	63.53	187	Alluvial	Kharif	Konkan	Rice
32	46	26	7.25	18.67	56.48	187	Loamy	Kharif	Nashik	Wheat
38	18	42	7.43	16.64	45.46	187	Loamy	Kharif	Nashik	Wheat
35	23	45	7.18	24.71	46.84	187	Loamy	Kharif	Nashik	Wheat
16	36	41	6.1	23.4	54.61	187	Alluvial	Kharif	Konkan	Rice
29	28	36	6.24	17.84	51.99	187	Alluvial	Kharif	Konkan	Rice
13	12	15	5.94	16.33	47	187	Alluvial	Kharif	Konkan	Rice
34	15	32	6.1	19.64	68.71	187	Alluvial	Kharif	Konkan	Rice
20	28	30	6.8	19.3	46.33	187	Loamy	Kharif	Nashik	Wheat
32	33	17	7.08	23.74	59.97	187	Loamy	Kharif	Nashik	Wheat
21	30	38	6.98	21.37	68.22	187	Loamy	Kharif	Nashik	Wheat
48	46	33	6.85	21.71	62.75	187	Loamy	Kharif	Nashik	Wheat
26	22	49	7.43	21.82	40.45	187	Loamy	Kharif	Nashik	Wheat
28	39	27	7.48	18.98	46.36	187	Loamy	Kharif	Nashik	Wheat
36	27	40	5.87	19.21	61.88	187	Alluvial	Kharif	Konkan	Rice
32	20	16	6.66	18.15	56.87	187	Loamy	Kharif	Nashik	Wheat
32	26	35	5.59	24.99	47.47	187	Alluvial	Kharif	Konkan	Rice
33	44	21	5.53	20.44	47.41	187	Alluvial	Kharif	Konkan	Rice
15	26	37	7.13	22.75	53.1	187	Loamy	Kharif	Nashik	Wheat
36	22	14	6.22	23.52	41.45	187	Alluvial	Kharif	Konkan	Rice
37	45	29	6.03	22.47	46.78	187	Alluvial	Kharif	Konkan	Rice
49	23	18	6.78	15.6	41.62	187	Loamy	Kharif	Nashik	Wheat
29	14	21	5.72	15.38	54.67	187	Alluvial	Kharif	Konkan	Rice
45	25	31	5.96	15.22	61.24	187	Alluvial	Kharif	Konkan	Rice
38	48	28	7.42	15.5	40.69	187	Loamy	Kharif	Nashik	Wheat
49	23	19	5.86	21.93	41.39	187	Alluvial	Kharif	Konkan	Rice
29	34	10	6.12	23.36	47.51	187	Alluvial	Kharif	Konkan	Rice
90	42	43	6.5	20.88	82	187	Loamy	Kharif	Nashik	Wheat
90	58	41	7.04	21.77	80.32	187	Loamy	Kharif	Nashik	Wheat
90	55	44	7.84	23	82.32	187	Black	Kharif	Vidarbha	Cotton
90	35	40	6.98	26.49	80.16	187	Loamy	Kharif	Nashik	Wheat
90	42	42	7.63	20.13	81.6	187	Black	Kharif	Vidarbha	Cotton
90	37	42	7.07	23.06	83.37	187	Loamy	Kharif	Nashik	Wheat
90	55	38	5.7	22.71	82.64	187	Alluvial	Kharif	Konkan	Rice
90	53	40	5.72	20.28	82.89	187	Alluvial	Kharif	Konkan	Rice
90	54	38	6.69	24.52	83.54	187	Loamy	Kharif	Nashik	Wheat
90	58	38	6.34	23.22	83.03	187	Alluvial	Kharif	Konkan	Rice
90	53	40	5.39	26.53	81.42	187	Loamy	Kharif	Nashik	Tea
90	46	42	7.5	23.98	81.45	187	Black	Kharif	Vidarbha	Cotton
90	58	44	5.11	26.8	80.89	187	Loamy	Kharif	Nashik	Tea
90	56	36	6.98	24.01	82.06	187	Loamy	Kharif	Nashik	Wheat
90	50	37	6.95	25.67	80.66	187	Loamy	Kharif	Nashik	Wheat
90	48	39	7.04	24.28	80.3	187	Loamy	Kharif	Nashik	Wheat
90	38	41	6.25	21.59	82.79	187	Alluvial	Kharif	Konkan	Rice
90	35	39	6.97	23.79	80.42	187	Loamy	Kharif	Nashik	Wheat
90	38	36	5.95	21.87	80.19	187	Alluvial	Kharif	Konkan	Rice
90	35	40	5.85	23.58	83.59	187	Alluvial	Kharif	Konkan	Rice
90	45	36	6.44	21.33	80.47	187	Alluvial	Kharif	Konkan	Rice
90	40	43	5.07	25.16	83.12	187	Loamy	Kharif	Nashik	Tea
90	59	41	6.01	21.95	80.97	187	Alluvial	Kharif	Konkan	Rice
90	41	43	6.25	21.05	82.68	187	Alluvial	Kharif	Konkan	Rice
90	47	37	7.38	23.48	81.33	187	Loamy	Kharif	Nashik	Wheat
90	53	41	7.78	25.08	80.52	187	Black	Kharif	Vidarbha	Cotton
90	59	43	6.29	26.36	84.04	187	Alluvial	Kharif	Konkan	Rice
90	50	41	7.07	24.53	80.54	187	Loamy	Kharif	Nashik	Wheat
90	49	44	6.24	20.78	84.5	187	Alluvial	Kharif	Konkan	Rice
90	51	35	6.04	22.3	80.64	187	Alluvial	Kharif	Konkan	Rice
90	57	41	5.82	21.45	84.94	187	Alluvial	Kharif	Konkan	Rice
90	35	40	6.36	22.18	80.33	187	Alluvial	Kharif	Konkan	Rice
90	37	39	6.36	24.53	82.74	187	Alluvial	Kharif	Konkan	Rice
90	53	38	5.01	20.27	81.64	187	Loamy	Kharif	Nashik	Tea
90	54	44	6.15	25.74	83.88	187	Alluvial	Kharif	Konkan	Rice
90	55	42	5.95	26.8	82.15	187	Alluvial	Kharif	Konkan	Rice
90	57	35	5.96	26.76	81.18	187	Alluvial	Kharif	Konkan	Rice
90	39	36	5.56	23.86	83.15	187	Alluvial	Kharif	Konkan	Rice
90	43	44	7.42	21.02	82.95	187	Loamy	Kharif	Nashik	Wheat
90	44	41	5.58	24.17	83.73	187	Alluvial	Kharif	Konkan	Rice
90	42	36	6.43	22.78	82.07	187	Alluvial	Kharif	Konkan	Rice
90	45	43	5.53	25.63	83.53	187	Alluvial	Kharif	Konkan	Rice
90	60	36	6.9	25.6	80.15	187	Loamy	Kharif	Nashik	Wheat
90	40	40	6.27	23.83	84.81	187	Alluvial	Kharif	Konkan	Rice
90	52	45	7.22	26.31	82.37	187	Loamy	Kharif	Nashik	Wheat
90	35	38	6.13	24.9	80.53	187	Alluvial	Kharif	Konkan	Rice
90	49	42	5.21	24.96	84.48	187	Loamy	Kharif	Nashik	Tea
90	39	38	7.78	23.24	84.59	187	Black	Kharif	Vidarbha	Cotton
90	43	39	7.06	21.67	80.71	187	Loamy	Kharif	Nashik	Wheat
90	55	45	7.73	24.64	80.41	187	Black	Kharif	Vidarbha	Cotton
90	36	43	5.29	23.43	83.06	187	Loamy	Kharif	Nashik	Tea
90	60	39	6.77	20.05	80.35	187	Loamy	Kharif	Nashik	Wheat
90	56	42	7.38	23.86	82.23	187	Loamy	Kharif	Nashik	Wheat
90	60	43	5.66	21.97	81.9	187	Alluvial	Kharif	Konkan	Rice
90	52	36	5.54	26.23	83.84	187	Alluvial	Kharif	Konkan	Rice
90	38	39	6.22	23.45	84.79	187	Alluvial	Kharif	Konkan	Rice
90	54	38	7.12	25.66	83.47	187	Loamy	Kharif	Nashik	Wheat
90	36	45	5.95	24.44	82.45	187	Alluvial	Kharif	Konkan	Rice
90	46	40	7.24	20.28	82.12	187	Loamy	Kharif	Nashik	Wheat
90	55	35	6.5	21.72	80.24	187	Loamy	Kharif	Nashik	Wheat
90	40	38	7.59	20.41	82.21	187	Black	Kharif	Vidarbha	Cotton
90	58	45	5.88	25.76	83.52	187	Alluvial	Kharif	Konkan	Rice
90	58	38	6.93	20.62	83.77	187	Loamy	Kharif	Nashik	Wheat
90	36	42	6.95	21.84	80.73	187	Loamy	Kharif	Nashik	Wheat
90	47	42	5.74	20.08	83.29	187	Alluvial	Kharif	Konkan	Rice
90	41	36	6.74	24.46	82.75	187	Loamy	Kharif	Nashik	Wheat
90	54	37	5.59	21.14	80.34	187	Alluvial	Kharif	Konkan	Rice
90	59	35	6.95	25.79	82.11	187	Loamy	Kharif	Nashik	Wheat
90	46	41	5.01	23.64	80.29	187	Loamy	Kharif	Nashik	Tea
90	56	37	6.36	23.43	80.57	187	Alluvial	Kharif	Konkan	Rice
90	52	41	6.88	24.98	83.89	187	Loamy	Kharif	Nashik	Wheat
90	45	38	7.3	22.73	82.17	187	Loamy	Kharif	Nashik	Wheat
90	42	37	6.59	24.87	82.84	187	Loamy	Kharif	Nashik	Wheat
90	43	42	7.28	21.32	83	187	Loamy	Kharif	Nashik	Wheat
90	54	36	7.02	26.29	84.57	187	Loamy	Kharif	Nashik	Wheat
90	36	45	6.94	22.23	81.86	187	Loamy	Kharif	Nashik	Wheat
90	47	44	7.87	26.73	81.79	187	Black	Kharif	Vidarbha	Cotton
90	35	38	5.01	24.89	81.98	187	Loamy	Kharif	Nashik	Tea
90	36	37	6.14	26.88	81.46	187	Alluvial	Kharif	Konkan	Rice
90	41	38	7.52	22.68	83.73	187	Black	Kharif	Vidarbha	Cotton
90	57	43	5.71	26.09	80.38	187	Alluvial	Kharif	Konkan	Rice
90	45	35	5.76	25.43	82.95	187	Alluvial	Kharif	Konkan	Rice
90	53	43	6.35	26.4	81.06	187	Alluvial	Kharif	Konkan	Rice
90	43	39	6	26.04	84.97	187	Alluvial	Kharif	Konkan	Rice
90	58	39	5.45	25.28	80.54	187	Loamy	Kharif	Nashik	Tea
90	60	38	6.37	22.09	83.47	187	Alluvial	Kharif	Konkan	Rice
90	43	38	5.11	23.29	81.43	187	Loamy	Kharif	Nashik	Tea
90	50	44	5.94	25.49	81.41	187	Alluvial	Kharif	Konkan	Rice
90	53	42	5.18	23.68	81.04	187	Loamy	Kharif	Nashik	Tea
90	50	40	6.46	20.82	84.13	187	Alluvial	Kharif	Konkan	Rice
90	53	38	7.07	26.93	81.91	187	Loamy	Kharif	Nashik	Wheat
90	44	38	7.47	23.84	83.88	187	Loamy	Kharif	Nashik	Wheat
90	45	35	6.16	26.53	80.12	187	Alluvial	Kharif	Konkan	Rice
90	40	38	7.55	26.46	83.86	187	Black	Kharif	Vidarbha	Cotton
90	51	36	6.03	22.7	82.81	187	Alluvial	Kharif	Konkan	Rice
90	46	42	6.6	22.68	83.46	187	Loamy	Kharif	Nashik	Wheat
90	47	37	6.5	21.53	82.14	187	Loamy	Kharif	Nashik	Wheat
90	55	45	5.94	21.41	83.33	187	Alluvial	Kharif	Konkan	Rice
90	35	44	7.07	26.54	84.67	187	Loamy	Kharif	Nashik	Wheat
90	37	40	5.33	23.36	83.6	187	Loamy	Kharif	Nashik	Tea
90	54	16	5.75	22.61	63.69	187	Alluvial	Kharif	Konkan	Rice
90	44	17	6.93	26.1	71.57	187	Loamy	Kharif	Nashik	Wheat
90	43	16	6.66	23.56	71.59	187	Loamy	Kharif	Nashik	Wheat
90	58	21	6.6	19.97	57.68	187	Loamy	Kharif	Nashik	Wheat
90	38	20	5.97	18.48	62.7	187	Alluvial	Kharif	Konkan	Rice
90	41	16	6.16	21.78	57.81	187	Alluvial	Kharif	Konkan	Rice
90	41	17	6.05	25.62	66.5	187	Alluvial	Kharif	Konkan	Rice
90	60	19	5.91	25.19	66.69	187	Alluvial	Kharif	Konkan	Rice
90	44	17	5.86	20.42	62.55	187	Alluvial	Kharif	Konkan	Rice
90	60	25	5.75	24.92	66.79	187	Alluvial	Kharif	Konkan	Rice
90	44	19	5.85	23.32	73.45	187	Alluvial	Kharif	Konkan	Rice
90	49	21	6.47	24.84	68.36	187	Alluvial	Kharif	Konkan	Rice
90	52	16	6.97	22.28	58.84	187	Loamy	Kharif	Nashik	Wheat
90	44	16	6.08	18.88	65.77	187	Alluvial	Kharif	Konkan	Rice
90	54	21	5.92	25.19	60.2	187	Alluvial	Kharif	Konkan	Rice
90	58	22	6.2	18.25	55.28	187	Alluvial	Kharif	Konkan	Rice
90	47	17	6.6	24.61	70.42	187	Loamy	Kharif	Nashik	Wheat
90	41	17	6.02	25.14	65.26	187	Alluvial	Kharif	Konkan	Rice
90	53	19	6.03	23.09	60.12	187	Alluvial	Kharif	Konkan	Rice
90	55	19	6.29	18.05	62.89	187	Alluvial	Kharif	Konkan	Rice
90	57	21	6.55	24.93	73.8	187	Loamy	Kharif	Nashik	Wheat
90	50	15	5.57	18.15	71.09	187	Alluvial	Kharif	Konkan	Rice
90	56	22	6.83	18.28	66.66	187	Loamy	Kharif	Nashik	Wheat
90	45	21	5.72	18.83	58.75	187	Alluvial	Kharif	Konkan	Rice
90	48	16	5.55	25.72	67.22	187	Alluvial	Kharif	Konkan	Rice
90	51	16	6.59	25.34	68.5	187	Loamy	Kharif	Nashik	Wheat
90	39	18	5.89	23.89	57.49	187	Alluvial	Kharif	Konkan	Rice
90	49	15	5.92	21.54	71.51	187	Alluvial	Kharif	Konkan	Rice
90	48	22	5.59	23.09	63.1	187	Alluvial	Kharif	Konkan	Rice
90	54	20	6.58	25.62	63.47	187	Loamy	Kharif	Nashik	Wheat
90	35	25	6.18	21.45	63.16	187	Alluvial	Kharif	Konkan	Rice
90	43	19	6.64	18.52	55.53	187	Loamy	Kharif	Nashik	Wheat
90	57	25	6.49	22.54	67.99	187	Alluvial	Kharif	Konkan	Rice
90	35	23	5.68	23.02	61.89	187	Alluvial	Kharif	Konkan	Rice
90	46	22	6.63	24.89	65.61	187	Loamy	Kharif	Nashik	Wheat
90	44	21	6.52	25.77	74.09	187	Loamy	Kharif	Nashik	Wheat
90	56	18	5.7	19.4	62.36	187	Alluvial	Kharif	Konkan	Rice
90	55	21	6.8	21.54	59.64	187	Loamy	Kharif	Nashik	Wheat
90	35	18	6.25	23.8	74.83	187	Alluvial	Kharif	Konkan	Rice
90	57	18	6.09	18.98	74.53	187	Alluvial	Kharif	Konkan	Rice
90	56	17	6.23	24.11	73.13	187	Alluvial	Kharif	Konkan	Rice
90	44	23	5.72	24.79	70.05	187	Alluvial	Kharif	Konkan	Rice
90	48	17	6.43	21.63	60.28	187	Alluvial	Kharif	Konkan	Rice
90	60	17	5.98	25.38	57.21	187	Alluvial	Kharif	Konkan	Rice
90	51	23	6.8	22.22	72.85	187	Loamy	Kharif	Nashik	Wheat
90	46	22	6.5	20.58	69	187	Alluvial	Kharif	Konkan	Rice
90	60	15	6.27	24.88	68.74	187	Alluvial	Kharif	Konkan	Rice
90	58	18	6.73	20.04	56.36	187	Loamy	Kharif	Nashik	Wheat
90	43	23	6.33	25.95	61.89	187	Alluvial	Kharif	Konkan	Rice
90	43	17	6.81	19.29	65.47	187	Loamy	Kharif	Nashik	Wheat
90	36	20	6.67	20.58	65.35	187	Loamy	Kharif	Nashik	Wheat
90	36	23	6.65	24.71	56.73	187	Loamy	Kharif	Nashik	Wheat
90	60	23	6.44	20.27	63.91	187	Alluvial	Kharif	Konkan	Rice
90	38	17	6.47	18.42	64.24	187	Alluvial	Kharif	Konkan	Rice
90	54	17	5.87	23.39	61.74	187	Alluvial	Kharif	Konkan	Rice
90	38	22	5.73	19.85	61.25	187	Alluvial	Kharif	Konkan	Rice
90	44	21	5.85	21.87	61.91	187	Alluvial	Kharif	Konkan	Rice
90	58	19	5.79	22.81	56.51	187	Alluvial	Kharif	Konkan	Rice
90	44	20	6.74	19.08	69.02	187	Loamy	Kharif	Nashik	Wheat
90	35	16	6.27	22.03	65.36	187	Alluvial	Kharif	Konkan	Rice
90	45	20	5.72	23.81	59.25	187	Alluvial	Kharif	Konkan	Rice
90	60	25	5.77	18.53	69.03	187	Alluvial	Kharif	Konkan	Rice
90	51	24	5.58	23.5	61.32	187	Alluvial	Kharif	Konkan	Rice
90	36	24	5.79	26.55	72.89	187	Alluvial	Kharif	Konkan	Rice
90	48	18	5.78	19.3	69.63	187	Alluvial	Kharif	Konkan	Rice
90	53	18	6.86	20.69	59.44	187	Loamy	Kharif	Nashik	Wheat
90	45	23	6.19	19.33	68.03	187	Alluvial	Kharif	Konkan	Rice
90	45	21	6.64	24.61	73.59	187	Loamy	Kharif	Nashik	Wheat
90	35	24	5.83	22.27	59.52	187	Alluvial	Kharif	Konkan	Rice
90	54	22	6.96	25.7	61.33	187	Loamy	Kharif	Nashik	Wheat
90	39	18	6.11	19.2	68.31	187	Alluvial	Kharif	Konkan	Rice
90	48	20	6.71	21.7	60.47	187	Loamy	Kharif	Nashik	Wheat
90	37	16	5.56	20.52	59.21	187	Alluvial	Kharif	Konkan	Rice
90	50	19	5.87	23.3	73.63	187	Alluvial	Kharif	Konkan	Rice
90	39	24	7	24.25	55.65	187	Loamy	Kharif	Nashik	Wheat
90	52	17	5.71	24.86	65.74	187	Alluvial	Kharif	Konkan	Rice
90	39	23	6.78	22.63	65.77	187	Loamy	Kharif	Nashik	Wheat
90	49	20	5.51	18.04	60.61	187	Alluvial	Kharif	Konkan	Rice
90	42	21	5.8	23.26	72.33	187	Alluvial	Kharif	Konkan	Rice
90	38	21	6.35	22.88	71.6	187	Alluvial	Kharif	Konkan	Rice
90	52	25	6.82	25.97	69.36	187	Loamy	Kharif	Nashik	Wheat
90	40	19	6.66	26.14	66.21	187	Loamy	Kharif	Nashik	Wheat
90	57	24	6.12	18.66	61.55	187	Alluvial	Kharif	Konkan	Rice
90	52	18	5.79	25.11	55.98	187	Alluvial	Kharif	Konkan	Rice
90	59	17	6.47	23.34	59.25	187	Alluvial	Kharif	Konkan	Rice
90	38	15	6.46	25.08	65.92	187	Alluvial	Kharif	Konkan	Rice
90	60	22	6.61	25.37	72.52	187	Loamy	Kharif	Nashik	Wheat
90	37	22	6.33	25.34	63.32	187	Alluvial	Kharif	Konkan	Rice
90	58	15	6.53	25.01	67.82	187	Loamy	Kharif	Nashik	Wheat
90	60	23	5.72	18.67	71.52	187	Alluvial	Kharif	Konkan	Rice
90	59	17	6.64	20.38	63.74	187	Loamy	Kharif	Nashik	Wheat
90	55	15	6.38	18.09	72.61	187	Alluvial	Kharif	Konkan	Rice
90	51	18	6.25	26.17	71.96	187	Alluvial	Kharif	Konkan	Rice
90	48	25	6.66	18.65	61.38	187	Loamy	Kharif	Nashik	Wheat
90	60	22	6.2	26.07	59.37	187	Alluvial	Kharif	Konkan	Rice
90	57	24	6.16	18.93	72.8	187	Alluvial	Kharif	Konkan	Rice
90	35	22	6.39	23.31	63.25	187	Alluvial	Kharif	Konkan	Rice
90	54	19	6.42	18.75	62.5	187	Alluvial	Kharif	Konkan	Rice
90	58	23	6.38	19.74	59.66	187	Alluvial	Kharif	Konkan	Rice
90	57	19	6.88	25.73	70.75	187	Loamy	Kharif	Nashik	Wheat
90	72	77	7.49	17.02	16.99	187	Loamy	Kharif	Nashik	Wheat
90	72	84	6.92	19.02	17.13	187	Loamy	Kharif	Nashik	Wheat
90	58	85	6	17.89	15.41	187	Alluvial	Kharif	Konkan	Rice
90	72	85	6.39	18.87	15.66	187	Alluvial	Kharif	Konkan	Rice
90	67	77	7.15	18.37	19.56	187	Loamy	Kharif	Nashik	Wheat
90	73	81	5.99	20.45	15.4	187	Alluvial	Kharif	Konkan	Rice
90	70	84	6.23	20.65	16.61	187	Alluvial	Kharif	Konkan	Rice
90	70	84	7.55	17.33	18.75	187	Black	Kharif	Vidarbha	Cotton
90	62	75	7.01	18.18	18.9	187	Loamy	Kharif	Nashik	Wheat
90	74	81	8.75	18.01	18.31	187	Black	Kharif	Vidarbha	Cotton
90	66	79	8.72	20.99	19.33	187	Black	Kharif	Vidarbha	Cotton
90	66	79	7.98	19.46	15.23	187	Black	Kharif	Vidarbha	Cotton
90	63	81	6.52	19.81	14.7	187	Loamy	Kharif	Nashik	Wheat
90	62	85	8.49	18.97	19.52	187	Black	Kharif	Vidarbha	Cotton
90	62	77	6.58	18.2	14.71	187	Loamy	Kharif	Nashik	Wheat
90	72	84	6.48	18.73	19.18	187	Alluvial	Kharif	Konkan	Rice
90	56	76	7.97	21	19.86	187	Black	Kharif	Vidarbha	Cotton
90	71	84	8.14	20.28	16.4	187	Black	Kharif	Vidarbha	Cotton
90	78	76	7.23	17.48	15.76	187	Loamy	Kharif	Nashik	Wheat
90	70	77	6.49	20.89	14.32	187	Alluvial	Kharif	Konkan	Rice
90	80	83	7.53	17.08	16.15	187	Black	Kharif	Vidarbha	Cotton
90	68	77	7.7	20.09	15.11	187	Black	Kharif	Vidarbha	Cotton
90	78	76	8.52	17.57	15	187	Black	Kharif	Vidarbha	Cotton
90	68	83	6.62	19.12	18.43	187	Loamy	Kharif	Nashik	Wheat
90	62	83	8.1	18.58	19.22	187	Black	Kharif	Vidarbha	Cotton
90	67	78	6.2	17.17	14.42	187	Alluvial	Kharif	Konkan	Rice
90	65	80	6.05	18.29	16.68	187	Alluvial	Kharif	Konkan	Rice
90	60	84	7.69	19.03	18.67	187	Black	Kharif	Vidarbha	Cotton
90	77	85	7.83	17.14	17.07	187	Black	Kharif	Vidarbha	Cotton
90	68	81	6.76	17.48	17.93	187	Loamy	Kharif	Nashik	Wheat
90	76	82	6.65	20.57	14.26	187	Loamy	Kharif	Nashik	Wheat
90	79	85	6.13	17.22	15.82	187	Alluvial	Kharif	Konkan	Rice
90	60	83	8.83	19.69	19.44	187	Black	Kharif	Vidarbha	Cotton
90	78	76	8.62	17.85	19.09	187	Black	Kharif	Vidarbha	Cotton
90	79	75	8.2	18.82	16.11	187	Black	Kharif	Vidarbha	Cotton
90	58	81	6.18	17.48	16.54	187	Alluvial	Kharif	Konkan	Rice
90	58	77	7.98	18.73	17.58	187	Black	Kharif	Vidarbha	Cotton
90	55	78	7.86	18.66	16.18	187	Black	Kharif	Vidarbha	Cotton
90	76	77	6.97	18.24	19.69	187	Loamy	Kharif	Nashik	Wheat
90	61	77	6.21	18.81	15.22	187	Alluvial	Kharif	Konkan	Rice
90	60	76	8.87	18.65	17.81	187	Black	Kharif	Vidarbha	Cotton
90	55	79	8.77	20.37	16.9	187	Black	Kharif	Vidarbha	Cotton
90	76	75	8.74	18.38	16.64	187	Black	Kharif	Vidarbha	Cotton
90	68	81	8.08	17.17	17.3	187	Black	Kharif	Vidarbha	Cotton
90	66	81	6.14	19.37	15.77	187	Alluvial	Kharif	Konkan	Rice
90	64	78	7.5	17.93	14.27	187	Loamy	Kharif	Nashik	Wheat
90	60	79	8.38	19.45	18.23	187	Black	Kharif	Vidarbha	Cotton
90	76	83	6.29	19.13	14.92	187	Alluvial	Kharif	Konkan	Rice
90	60	84	6.59	19.1	17.26	187	Loamy	Kharif	Nashik	Wheat
90	68	78	6.9	17.49	16.96	187	Loamy	Kharif	Nashik	Wheat
90	79	79	7.81	19.41	18.98	187	Black	Kharif	Vidarbha	Cotton
90	74	85	7.15	20.19	19.64	187	Loamy	Kharif	Nashik	Wheat
90	55	78	6.65	17.3	15.15	187	Loamy	Kharif	Nashik	Wheat
90	77	75	7.78	17.5	15.48	187	Black	Kharif	Vidarbha	Cotton
90	60	78	6.36	18.17	14.7	187	Alluvial	Kharif	Konkan	Rice
90	67	78	8.26	17.57	16.72	187	Black	Kharif	Vidarbha	Cotton
90	66	85	6.46	20.93	18.91	187	Alluvial	Kharif	Konkan	Rice
90	71	76	6.61	19.71	17.64	187	Loamy	Kharif	Nashik	Wheat
90	69	80	8.17	19.08	17.87	187	Black	Kharif	Vidarbha	Cotton
90	79	77	7.65	18.55	16.03	187	Black	Kharif	Vidarbha	Cotton
90	56	85	6.55	18.2	17.41	187	Loamy	Kharif	Nashik	Wheat
90	72	75	7.1	18.89	14.99	187	Loamy	Kharif	Nashik	Wheat
90	73	85	7.36	18.49	14.72	187	Loamy	Kharif	Nashik	Wheat
90	64	82	6.47	19.49	17.17	187	Alluvial	Kharif	Konkan	Rice
90	73	79	7.84	17.26	18.75	187	Black	Kharif	Vidarbha	Cotton
90	75	75	7.06	19.62	18.71	187	Loamy	Kharif	Nashik	Wheat
90	59	78	7.6	20.68	19.85	187	Black	Kharif	Vidarbha	Cotton
90	69	82	6.72	20.02	16.63	187	Loamy	Kharif	Nashik	Wheat
90	56	85	6.82	20.12	14.44	187	Loamy	Kharif	Nashik	Wheat
90	76	80	7.99	20.66	15.85	187	Black	Kharif	Vidarbha	Cotton
90	74	83	7.55	19.26	14.28	187	Black	Kharif	Vidarbha	Cotton
90	71	79	7.73	17.93	15.86	187	Black	Kharif	Vidarbha	Cotton
90	73	79	7.35	19.16	15.84	187	Loamy	Kharif	Nashik	Wheat
90	70	79	7.31	20.27	19.97	187	Loamy	Kharif	Nashik	Wheat
90	57	75	7.79	17.09	18.25	187	Black	Kharif	Vidarbha	Cotton
90	79	82	6.31	17.07	17.54	187	Alluvial	Kharif	Konkan	Rice
90	71	85	6.4	20.63	14.44	187	Alluvial	Kharif	Konkan	Rice
90	76	82	7.6	20.82	17.85	187	Black	Kharif	Vidarbha	Cotton
90	75	84	7.22	19.46	18.73	187	Loamy	Kharif	Nashik	Wheat
90	80	77	7.56	17.18	16.43	187	Black	Kharif	Vidarbha	Cotton
90	62	80	7.49	17.49	16.39	187	Loamy	Kharif	Nashik	Wheat
90	79	78	6.61	17.48	14.76	187	Loamy	Kharif	Nashik	Wheat
90	57	83	7.48	19.48	17.45	187	Loamy	Kharif	Nashik	Wheat
90	73	77	7.33	19.71	18.1	187	Loamy	Kharif	Nashik	Wheat
90	61	78	6.49	19.49	16.06	187	Alluvial	Kharif	Konkan	Rice
90	78	79	7.79	19.95	14.83	187	Black	Kharif	Vidarbha	Cotton
90	75	81	6.41	19.42	16.8	187	Alluvial	Kharif	Konkan	Rice
90	55	82	8.42	19.46	18.02	187	Black	Kharif	Vidarbha	Cotton
90	65	76	8.72	20.19	16.42	187	Black	Kharif	Vidarbha	Cotton
90	60	85	7.81	18.84	14.74	187	Black	Kharif	Vidarbha	Cotton
90	61	78	6.32	20.71	19.84	187	Alluvial	Kharif	Konkan	Rice
90	67	77	7.11	18.99	15.94	187	Loamy	Kharif	Nashik	Wheat
90	76	76	8.14	19.97	15.57	187	Black	Kharif	Vidarbha	Cotton
90	63	76	7.71	17.82	17.61	187	Black	Kharif	Vidarbha	Cotton
90	65	82	7.1	20.71	15.28	187	Loamy	Kharif	Nashik	Wheat
90	56	78	8.86	17.34	18.76	187	Black	Kharif	Vidarbha	Cotton
90	65	78	7.86	17.44	14.34	187	Black	Kharif	Vidarbha	Cotton
90	56	83	7.45	18.9	19.76	187	Loamy	Kharif	Nashik	Wheat
90	58	75	7.17	18.59	14.78	187	Loamy	Kharif	Nashik	Wheat
90	69	82	7.26	18.32	15.36	187	Loamy	Kharif	Nashik	Wheat
90	60	25	5.69	17.14	20.6	187	Alluvial	Kharif	Konkan	Rice
90	70	16	5.76	19.63	18.91	187	Alluvial	Kharif	Konkan	Rice
90	55	22	5.87	22.91	21.34	187	Alluvial	Kharif	Konkan	Rice
90	64	16	5.93	16.43	24.24	187	Alluvial	Kharif	Konkan	Rice
90	61	20	5.96	22.14	23.02	187	Alluvial	Kharif	Konkan	Rice
90	65	22	5.95	17.85	18.78	187	Alluvial	Kharif	Konkan	Rice
90	57	21	5.79	19.88	20.32	187	Alluvial	Kharif	Konkan	Rice
90	80	18	5.58	19.33	23.33	187	Alluvial	Kharif	Konkan	Rice
90	59	17	5.69	18.42	23.43	187	Alluvial	Kharif	Konkan	Rice
90	59	22	5.79	21.81	23.21	187	Alluvial	Kharif	Konkan	Rice
90	58	24	5.75	19.73	18.28	187	Alluvial	Kharif	Konkan	Rice
90	57	19	5.57	17.15	19.87	187	Alluvial	Kharif	Konkan	Rice
90	80	17	5.81	19.62	18.67	187	Alluvial	Kharif	Konkan	Rice
90	60	22	5.89	21.63	21.18	187	Alluvial	Kharif	Konkan	Rice
90	78	23	6	16.07	18.72	187	Alluvial	Kharif	Konkan	Rice
90	77	25	5.79	20.61	24.36	187	Alluvial	Kharif	Konkan	Rice
90	79	17	5.91	21.42	20.4	187	Alluvial	Kharif	Konkan	Rice
90	80	15	5.79	19.07	21.21	187	Alluvial	Kharif	Konkan	Rice
90	55	23	5.73	21.19	19.63	187	Alluvial	Kharif	Konkan	Rice
90	65	20	5.83	23.04	22.43	187	Alluvial	Kharif	Konkan	Rice
90	78	16	5.97	20.65	23.11	187	Alluvial	Kharif	Konkan	Rice
90	65	25	5.63	18.1	18.29	187	Alluvial	Kharif	Konkan	Rice
90	70	19	5.52	18.24	21.08	187	Alluvial	Kharif	Konkan	Rice
90	64	22	5.95	17.48	18.83	187	Alluvial	Kharif	Konkan	Rice
90	71	17	5.75	19.92	21.47	187	Alluvial	Kharif	Konkan	Rice
90	79	20	5.88	20.28	23.24	187	Alluvial	Kharif	Konkan	Rice
90	63	17	5.98	15.77	19.23	187	Alluvial	Kharif	Konkan	Rice
90	80	22	5.64	16.71	19.18	187	Alluvial	Kharif	Konkan	Rice
90	60	22	5.64	17.66	18.15	187	Alluvial	Kharif	Konkan	Rice
90	75	21	5.68	18.51	23.62	187	Alluvial	Kharif	Konkan	Rice
90	77	23	5.67	24.51	20.82	187	Alluvial	Kharif	Konkan	Rice
90	72	18	5.72	18.88	24.54	187	Alluvial	Kharif	Konkan	Rice
90	73	20	5.81	21.59	20.32	187	Alluvial	Kharif	Konkan	Rice
90	77	17	5.78	20.12	24.45	187	Alluvial	Kharif	Konkan	Rice
90	62	23	5.61	15.44	18.37	187	Alluvial	Kharif	Konkan	Rice
90	59	22	5.95	22.64	21.59	187	Alluvial	Kharif	Konkan	Rice
90	59	19	5.85	21.99	24.87	187	Alluvial	Kharif	Konkan	Rice
90	62	22	5.82	20.53	18.09	187	Alluvial	Kharif	Konkan	Rice
90	63	20	5.5	15.79	21.15	187	Alluvial	Kharif	Konkan	Rice
90	79	23	5.82	19.64	19.69	187	Alluvial	Kharif	Konkan	Rice
90	72	17	5.71	20.57	19.75	187	Alluvial	Kharif	Konkan	Rice
90	64	15	5.51	20.16	24.84	187	Alluvial	Kharif	Konkan	Rice
90	66	23	6	21.54	24.25	187	Alluvial	Kharif	Konkan	Rice
90	57	18	5.7	15.54	23.76	187	Alluvial	Kharif	Konkan	Rice
90	56	22	5.83	19.92	20.7	187	Alluvial	Kharif	Konkan	Rice
90	77	24	5.57	20.77	18.93	187	Alluvial	Kharif	Konkan	Rice
90	65	15	5.65	23.46	23.22	187	Alluvial	Kharif	Konkan	Rice
90	72	21	5.82	24.32	21.03	187	Alluvial	Kharif	Konkan	Rice
90	60	23	5.66	20.13	24.97	187	Alluvial	Kharif	Konkan	Rice
90	80	19	5.95	21.81	18.57	187	Alluvial	Kharif	Konkan	Rice
90	72	20	5.95	19.52	24.93	187	Alluvial	Kharif	Konkan	Rice
90	67	24	5.52	17	19.91	187	Alluvial	Kharif	Konkan	Rice
90	69	23	5.58	16.79	24.97	187	Alluvial	Kharif	Konkan	Rice
90	77	25	5.61	24.85	22.89	187	Alluvial	Kharif	Konkan	Rice
90	62	19	5.61	16.52	20.46	187	Alluvial	Kharif	Konkan	Rice
90	71	17	5.51	18.15	19.39	187	Alluvial	Kharif	Konkan	Rice
90	79	25	5.9	23.19	22.31	187	Alluvial	Kharif	Konkan	Rice
90	59	18	5.74	23.38	21.99	187	Alluvial	Kharif	Konkan	Rice
90	63	17	5.72	18.36	19.38	187	Alluvial	Kharif	Konkan	Rice
90	56	20	5.54	19.26	20.51	187	Alluvial	Kharif	Konkan	Rice
90	63	24	5.86	22.95	24.04	187	Alluvial	Kharif	Konkan	Rice
90	67	22	5.62	20.12	22.9	187	Alluvial	Kharif	Konkan	Rice
90	71	24	5.61	21.14	22.72	187	Alluvial	Kharif	Konkan	Rice
90	74	15	5.58	24.92	18.23	187	Alluvial	Kharif	Konkan	Rice
90	76	24	5.57	15.33	24.92	187	Alluvial	Kharif	Konkan	Rice
90	66	17	5.89	18.81	21.28	187	Alluvial	Kharif	Konkan	Rice
90	69	15	5.93	23.44	22.77	187	Alluvial	Kharif	Konkan	Rice
90	65	16	5.68	22.84	18.97	187	Alluvial	Kharif	Konkan	Rice
90	74	15	5.71	24.9	22.28	187	Alluvial	Kharif	Konkan	Rice
90	67	25	5.95	23.79	24.36	187	Alluvial	Kharif	Konkan	Rice
90	56	25	5.77	22.06	19.6	187	Alluvial	Kharif	Konkan	Rice
90	59	15	5.97	18.87	20.18	187	Alluvial	Kharif	Konkan	Rice
90	61	21	5.53	18.62	23.02	187	Alluvial	Kharif	Konkan	Rice
90	80	20	5.67	23.01	18.87	187	Alluvial	Kharif	Konkan	Rice
90	61	19	5.66	19.33	24.14	187	Alluvial	Kharif	Konkan	Rice
90	74	21	5.59	16.24	21.36	187	Alluvial	Kharif	Konkan	Rice
90	69	22	5.93	17.92	24.91	187	Alluvial	Kharif	Konkan	Rice
90	75	18	5.82	15.47	21.44	187	Alluvial	Kharif	Konkan	Rice
90	68	20	5.86	17.06	23.77	187	Alluvial	Kharif	Konkan	Rice
90	65	16	5.87	21.33	18.49	187	Alluvial	Kharif	Konkan	Rice
90	79	15	5.71	23.91	20.75	187	Alluvial	Kharif	Konkan	Rice
90	78	22	5.94	23.9	22.74	187	Alluvial	Kharif	Konkan	Rice
90	55	22	5.92	22.99	20.58	187	Alluvial	Kharif	Konkan	Rice
90	59	15	5.78	21.35	22.91	187	Alluvial	Kharif	Konkan	Rice
90	68	23	5.83	24.16	19.28	187	Alluvial	Kharif	Konkan	Rice
90	68	19	5.51	24.63	18.18	187	Alluvial	Kharif	Konkan	Rice
90	64	17	5.66	21.02	24.94	187	Alluvial	Kharif	Konkan	Rice
90	69	19	5.86	17.31	20.02	187	Alluvial	Kharif	Konkan	Rice
90	67	22	5.62	23.83	24.75	187	Alluvial	Kharif	Konkan	Rice
90	69	20	5.59	19.31	23.96	187	Alluvial	Kharif	Konkan	Rice
90	73	22	5.98	16.04	22.33	187	Alluvial	Kharif	Konkan	Rice
90	78	20	5.67	19.19	20.83	187	Alluvial	Kharif	Konkan	Rice
90	72	23	5.96	19.93	21.8	187	Alluvial	Kharif	Konkan	Rice
90	67	15	5.69	19.56	24.67	187	Alluvial	Kharif	Konkan	Rice
90	56	18	5.7	18.31	24.33	187	Alluvial	Kharif	Konkan	Rice
90	65	18	5.6	20.11	23.22	187	Alluvial	Kharif	Konkan	Rice
90	63	16	5.53	23.61	21.91	187	Alluvial	Kharif	Konkan	Rice
90	70	25	5.82	19.73	24.89	187	Alluvial	Kharif	Konkan	Rice
90	63	19	5.56	20.93	21.19	187	Alluvial	Kharif	Konkan	Rice
90	60	24	5.63	18.78	20.25	187	Alluvial	Kharif	Konkan	Rice
90	72	24	6.03	36.51	57.93	187	Alluvial	Kharif	Konkan	Rice
90	59	23	5.27	36.89	62.73	187	Loamy	Kharif	Nashik	Tea
90	73	23	5.99	29.24	59.39	187	Alluvial	Kharif	Konkan	Rice
90	57	24	6.09	27.34	43.36	187	Alluvial	Kharif	Konkan	Rice
90	79	18	5.62	21.06	55.47	187	Alluvial	Kharif	Konkan	Rice
90	75	25	6.45	30.33	42.35	187	Alluvial	Kharif	Konkan	Rice
90	70	20	5.62	31.8	45.03	187	Alluvial	Kharif	Konkan	Rice
90	55	19	5.86	33.18	38.23	187	Alluvial	Kharif	Konkan	Rice
90	58	20	5.76	29.39	63.48	187	Alluvial	Kharif	Konkan	Rice
90	61	21	4.7	30.27	67.39	187	Loamy	Kharif	Nashik	Tea
90	58	24	5.27	35.46	68.76	187	Loamy	Kharif	Nashik	Tea
90	56	17	7.45	33.8	40.03	187	Loamy	Kharif	Nashik	Wheat
90	72	17	5.83	28.69	49.47	187	Alluvial	Kharif	Konkan	Rice
90	80	20	7.34	31.24	56.67	187	Loamy	Kharif	Nashik	Wheat
90	72	17	6.35	28.98	57.23	187	Alluvial	Kharif	Konkan	Rice
90	62	19	4.7	27.32	34.14	187	Loamy	Kharif	Nashik	Tea
90	58	16	4.96	21.48	38.8	187	Loamy	Kharif	Nashik	Tea
90	68	16	4.96	18.32	34.7	187	Loamy	Kharif	Nashik	Tea
90	67	24	5.64	36.98	37.74	187	Alluvial	Kharif	Konkan	Rice
90	70	20	5.61	24.8	40.12	187	Alluvial	Kharif	Konkan	Rice
90	63	19	4.68	19.35	55.97	187	Loamy	Kharif	Nashik	Tea
90	76	25	5.71	28.88	50.12	187	Alluvial	Kharif	Konkan	Rice
90	55	19	6.41	19.54	47.19	187	Alluvial	Kharif	Konkan	Rice
90	75	21	6.01	24.77	50.55	187	Alluvial	Kharif	Konkan	Rice
90	71	24	4.95	18.33	38.41	187	Loamy	Kharif	Nashik	Tea
90	70	21	5.52	19.15	45.37	187	Alluvial	Kharif	Konkan	Rice
90	72	21	5.9	28.23	49.44	187	Alluvial	Kharif	Konkan	Rice
90	66	21	5.72	30.12	34.13	187	Alluvial	Kharif	Konkan	Rice
90	56	17	4.55	33.41	35.43	187	Loamy	Kharif	Nashik	Tea
90	76	19	6.67	24.19	46.69	187	Loamy	Kharif	Nashik	Wheat
90	69	19	4.75	26.89	41.7	187	Loamy	Kharif	Nashik	Tea
90	73	21	4.95	31.33	57.97	187	Loamy	Kharif	Nashik	Tea
90	61	18	5.27	33.31	67.08	187	Loamy	Kharif	Nashik	Tea
90	71	23	7.11	23.45	46.49	187	Loamy	Kharif	Nashik	Wheat
90	61	21	5.62	34.54	39.04	187	Alluvial	Kharif	Konkan	Rice
90	73	18	5.63	19.5	34.51	187	Alluvial	Kharif	Konkan	Rice
90	72	22	4.67	28.77	37.58	187	Loamy	Kharif	Nashik	Tea
90	64	16	7.16	30.98	32.25	187	Loamy	Kharif	Nashik	Wheat
90	74	19	6.62	18.4	36.83	187	Loamy	Kharif	Nashik	Wheat
90	60	15	5	35.09	30.99	187	Loamy	Kharif	Nashik	Tea
90	66	15	6.35	34.93	30.4	187	Alluvial	Kharif	Konkan	Rice
90	59	18	6.22	29.51	35.72	187	Alluvial	Kharif	Konkan	Rice
90	67	18	5.92	34.52	47.53	187	Alluvial	Kharif	Konkan	Rice
90	76	17	6.01	28.43	52.1	187	Alluvial	Kharif	Konkan	Rice
90	73	19	4.68	18.42	34.81	187	Loamy	Kharif	Nashik	Tea
90	75	25	7.08	31.08	47.2	187	Loamy	Kharif	Nashik	Wheat
90	70	20	6.21	20.89	46.25	187	Alluvial	Kharif	Konkan	Rice
90	59	22	7.05	30.91	52.8	187	Loamy	Kharif	Nashik	Wheat
90	62	23	4.72	27.93	66.45	187	Loamy	Kharif	Nashik	Tea
90	67	25	6.42	35.95	36.53	187	Alluvial	Kharif	Konkan	Rice
90	66	23	4.8	19.54	56.93	187	Loamy	Kharif	Nashik	Tea
90	73	20	4.61	19.64	32.32	187	Loamy	Kharif	Nashik	Tea
90	67	18	5.61	31.22	56.47	187	Alluvial	Kharif	Konkan	Rice
90	55	18	7.32	33.51	45.71	187	Loamy	Kharif	Nashik	Wheat
90	56	24	5.02	24.81	45.01	187	Loamy	Kharif	Nashik	Tea
90	77	17	5.62	36.21	31.95	187	Alluvial	Kharif	Konkan	Rice
90	73	20	5.39	30.5	35.49	187	Loamy	Kharif	Nashik	Tea
90	63	23	5.91	26.02	49.95	187	Alluvial	Kharif	Konkan	Rice
90	77	22	6.57	31.48	35.64	187	Loamy	Kharif	Nashik	Wheat
90	64	20	4.81	33.15	32.46	187	Loamy	Kharif	Nashik	Tea
90	75	24	4.76	23.5	51.29	187	Loamy	Kharif	Nashik	Tea
90	77	23	5.18	34.87	38.84	187	Loamy	Kharif	Nashik	Tea
90	80	25	4.9	28.09	44.93	187	Loamy	Kharif	Nashik	Tea
90	75	24	6.44	24.55	57.34	187	Alluvial	Kharif	Konkan	Rice
90	80	21	7.07	33.65	48.41	187	Loamy	Kharif	Nashik	Wheat
90	77	18	6.66	20.56	60.55	187	Loamy	Kharif	Nashik	Wheat
90	78	25	5.98	19.96	59.33	187	Alluvial	Kharif	Konkan	Rice
90	60	21	5.46	28.88	62.49	187	Loamy	Kharif	Nashik	Tea
90	74	16	4.76	36.04	43.61	187	Loamy	Kharif	Nashik	Tea
90	57	23	7.34	23.67	47.29	187	Loamy	Kharif	Nashik	Wheat
90	60	19	4.82	25.75	40.72	187	Loamy	Kharif	Nashik	Tea
90	77	19	6.24	31.09	66.69	187	Alluvial	Kharif	Konkan	Rice
90	68	20	5	18.73	61.33	187	Loamy	Kharif	Nashik	Tea
90	73	21	5.56	29.5	63.47	187	Alluvial	Kharif	Konkan	Rice
90	59	24	4.75	20.44	39.37	187	Loamy	Kharif	Nashik	Tea
90	72	15	7.31	36	56.01	187	Loamy	Kharif	Nashik	Wheat
90	56	23	5.66	31.47	35.39	187	Alluvial	Kharif	Konkan	Rice
90	70	21	4.67	36.3	56.03	187	Loamy	Kharif	Nashik	Tea
90	74	15	6.47	29.49	67.11	187	Alluvial	Kharif	Konkan	Rice
90	67	18	5.38	30.58	34.76	187	Loamy	Kharif	Nashik	Tea
90	74	20	5.86	24.69	59.97	187	Alluvial	Kharif	Konkan	Rice
90	72	24	6.96	23.17	36.68	187	Loamy	Kharif	Nashik	Wheat
90	68	20	6.12	19.04	33.11	187	Alluvial	Kharif	Konkan	Rice
90	57	19	6.42	29.32	45.93	187	Alluvial	Kharif	Konkan	Rice
90	62	16	4.83	34.65	54.32	187	Loamy	Kharif	Nashik	Tea
90	55	23	6.99	22	56.31	187	Loamy	Kharif	Nashik	Wheat
90	77	21	4.6	23	60.24	187	Loamy	Kharif	Nashik	Tea
90	75	20	6.98	30.56	35.29	187	Loamy	Kharif	Nashik	Wheat
90	71	24	7.06	31.46	48.18	187	Loamy	Kharif	Nashik	Wheat
90	64	22	5.17	25.95	40.58	187	Loamy	Kharif	Nashik	Tea
90	55	16	5.11	21.01	69.69	187	Loamy	Kharif	Nashik	Tea
90	69	19	5.37	19.25	47.7	187	Loamy	Kharif	Nashik	Tea
90	67	19	5.67	19.24	50.54	187	Alluvial	Kharif	Konkan	Rice
90	74	17	5.67	22.47	62.57	187	Alluvial	Kharif	Konkan	Rice
90	64	18	6.08	36.75	58.26	187	Alluvial	Kharif	Konkan	Rice
90	71	17	6.93	29.89	66.35	187	Loamy	Kharif	Nashik	Wheat
90	72	22	6.84	29.38	44.82	187	Loamy	Kharif	Nashik	Wheat
90	60	22	6.88	29.65	42.9	187	Loamy	Kharif	Nashik	Wheat
90	71	18	6.15	19.54	66.35	187	Alluvial	Kharif	Konkan	Rice
90	61	24	4.57	20.05	48.94	187	Loamy	Kharif	Nashik	Tea
90	49	18	3.69	27.91	64.71	187	Loamy	Kharif	Nashik	Tea
90	59	23	4.37	27.32	51.28	187	Loamy	Kharif	Nashik	Tea
90	58	25	8.4	28.66	59.32	187	Black	Kharif	Vidarbha	Cotton
90	43	18	8.84	29.03	61.09	187	Black	Kharif	Vidarbha	Cotton
90	54	16	8.15	27.78	54.65	187	Black	Kharif	Vidarbha	Cotton
90	43	22	5.27	32	54.11	187	Loamy	Kharif	Nashik	Tea
90	55	15	8.05	27.34	55.28	187	Black	Kharif	Vidarbha	Cotton
90	35	20	9.68	28.93	53.57	187	Black	Kharif	Vidarbha	Cotton
90	57	24	6.97	27.65	58.6	187	Loamy	Kharif	Nashik	Wheat
90	53	24	7.39	28.52	55.77	187	Loamy	Kharif	Nashik	Wheat
90	49	17	6.69	31.02	45.89	187	Loamy	Kharif	Nashik	Wheat
90	56	25	7.88	25.74	45.38	187	Black	Kharif	Vidarbha	Cotton
90	43	23	5.88	31.7	56.85	187	Alluvial	Kharif	Konkan	Rice
90	38	22	8.2	24.48	58.52	187	Black	Kharif	Vidarbha	Cotton
90	45	21	8.99	31.47	51.8	187	Black	Kharif	Vidarbha	Cotton
90	57	20	5.88	25.61	50.73	187	Alluvial	Kharif	Konkan	Rice
90	35	23	7.71	30.3	47.18	187	Black	Kharif	Vidarbha	Cotton
90	55	25	4.52	28.17	43.67	187	Loamy	Kharif	Nashik	Tea
90	45	22	9.93	25.51	44.83	187	Black	Kharif	Vidarbha	Cotton
90	58	25	6.46	31.13	43.59	187	Alluvial	Kharif	Konkan	Rice
90	44	17	8.02	26.34	55.59	187	Black	Kharif	Vidarbha	Cotton
90	49	22	3.71	28.23	61.56	187	Loamy	Kharif	Nashik	Tea
90	51	19	5.49	27.04	49.33	187	Loamy	Kharif	Nashik	Tea
90	48	15	9.25	25.16	55.25	187	Black	Kharif	Vidarbha	Cotton
90	50	19	6.01	27.32	51.67	187	Alluvial	Kharif	Konkan	Rice
90	56	20	7.44	25.41	49.66	187	Loamy	Kharif	Nashik	Wheat
90	60	18	3.81	31.22	46.02	187	Loamy	Kharif	Nashik	Tea
90	37	21	5.82	30.57	58.23	187	Alluvial	Kharif	Konkan	Rice
90	43	24	4.52	25.43	53.22	187	Loamy	Kharif	Nashik	Tea
90	43	24	3.51	27.09	43.65	187	Loamy	Kharif	Nashik	Tea
90	44	24	6.03	24.31	56.33	187	Alluvial	Kharif	Konkan	Rice
90	43	22	5.5	30.06	45.9	187	Loamy	Kharif	Nashik	Tea
90	45	15	4.61	28.1	60.98	187	Loamy	Kharif	Nashik	Tea
90	56	23	5.55	26.34	40.01	187	Alluvial	Kharif	Konkan	Rice
90	57	16	8.29	28.61	57.14	187	Black	Kharif	Vidarbha	Cotton
90	45	19	3.83	28.7	44.36	187	Loamy	Kharif	Nashik	Tea
90	36	22	8.87	24.22	59.79	187	Black	Kharif	Vidarbha	Cotton
90	57	20	3.79	28.51	45.2	187	Loamy	Kharif	Nashik	Tea
90	47	20	4.19	25.98	64.96	187	Loamy	Kharif	Nashik	Tea
90	49	16	7.66	30.88	41.37	187	Black	Kharif	Vidarbha	Cotton
90	51	24	9.39	25.5	61.67	187	Black	Kharif	Vidarbha	Cotton
90	44	21	4.52	25.13	51.33	187	Loamy	Kharif	Nashik	Tea
90	38	20	5.79	27.11	63.57	187	Alluvial	Kharif	Konkan	Rice
90	57	20	7.35	31.1	44.82	187	Loamy	Kharif	Nashik	Wheat
90	48	18	5.99	26.46	56.4	187	Alluvial	Kharif	Konkan	Rice
90	44	20	8.62	30.04	63.56	187	Black	Kharif	Vidarbha	Cotton
90	51	18	9.46	27.78	54.82	187	Black	Kharif	Vidarbha	Cotton
90	44	24	8.03	30.99	43.02	187	Black	Kharif	Vidarbha	Cotton
90	35	18	5.41	26.49	47.37	187	Loamy	Kharif	Nashik	Tea
90	60	23	6.28	31.97	57.17	187	Alluvial	Kharif	Konkan	Rice
90	58	21	9.16	25.36	46.83	187	Black	Kharif	Vidarbha	Cotton
90	42	22	7.89	25.54	56.97	187	Black	Kharif	Vidarbha	Cotton
90	39	21	8.18	28.99	62.86	187	Black	Kharif	Vidarbha	Cotton
90	36	22	9.07	29.34	60.5	187	Black	Kharif	Vidarbha	Cotton
90	41	16	7.7	28.64	61.39	187	Black	Kharif	Vidarbha	Cotton
90	41	15	5.89	24.83	44.17	187	Alluvial	Kharif	Konkan	Rice
90	36	22	6.16	25.45	58.55	187	Alluvial	Kharif	Konkan	Rice
90	46	15	3.5	31.01	62.4	187	Loamy	Kharif	Nashik	Tea
90	39	20	7.39	27.06	52.3	187	Loamy	Kharif	Nashik	Wheat
90	57	25	8.34	27.1	42.26	187	Black	Kharif	Vidarbha	Cotton
90	55	24	8.66	28.57	57.31	187	Black	Kharif	Vidarbha	Cotton
90	51	17	3.56	28.8	49.84	187	Loamy	Kharif	Nashik	Tea
90	56	17	5.96	27.94	45.41	187	Alluvial	Kharif	Konkan	Rice
90	57	17	9.42	30.48	61.58	187	Black	Kharif	Vidarbha	Cotton
90	36	16	8.18	30.58	50.77	187	Black	Kharif	Vidarbha	Cotton
90	41	19	5.13	26.86	41.81	187	Loamy	Kharif	Nashik	Tea
90	38	18	6.29	26.31	61.19	187	Alluvial	Kharif	Konkan	Rice
90	37	24	7.99	28.78	44.23	187	Black	Kharif	Vidarbha	Cotton
90	35	20	8.92	28.9	43.35	187	Black	Kharif	Vidarbha	Cotton
90	45	20	6.88	29.38	57.7	187	Loamy	Kharif	Nashik	Wheat
90	58	19	5.24	24.17	58.25	187	Loamy	Kharif	Nashik	Tea
90	56	23	7.55	26.65	59.79	187	Black	Kharif	Vidarbha	Cotton
90	56	17	8.71	28.2	53.51	187	Black	Kharif	Vidarbha	Cotton
90	51	25	7.79	28.76	52.63	187	Black	Kharif	Vidarbha	Cotton
90	42	20	8.06	29.35	61.25	187	Black	Kharif	Vidarbha	Cotton
90	59	20	4.4	28.01	52.61	187	Loamy	Kharif	Nashik	Tea
90	45	19	5.95	26.86	48.82	187	Alluvial	Kharif	Konkan	Rice
90	40	17	8.53	31.21	40.93	187	Black	Kharif	Vidarbha	Cotton
90	45	23	7.22	24.2	61.43	187	Loamy	Kharif	Nashik	Wheat
90	52	23	4.93	29.99	49.6	187	Loamy	Kharif	Nashik	Tea
90	45	16	4.63	29.94	54.62	187	Loamy	Kharif	Nashik	Tea
90	54	24	5.03	31.21	41.56	187	Loamy	Kharif	Nashik	Tea
90	51	25	3.53	26.8	48.24	187	Loamy	Kharif	Nashik	Tea
90	41	21	8.87	31.49	62.85	187	Black	Kharif	Vidarbha	Cotton
90	50	22	9.41	31	46.43	187	Black	Kharif	Vidarbha	Cotton
90	40	23	5.8	29.61	63.05	187	Alluvial	Kharif	Konkan	Rice
90	54	15	8.35	29.98	57.03	187	Black	Kharif	Vidarbha	Cotton
90	55	22	8.63	30.89	52.63	187	Black	Kharif	Vidarbha	Cotton
90	59	25	7.7	30.39	60.16	187	Black	Kharif	Vidarbha	Cotton
90	45	18	5.26	30.44	55.21	187	Loamy	Kharif	Nashik	Tea
90	38	19	9.11	25.33	63.18	187	Black	Kharif	Vidarbha	Cotton
90	58	17	4.61	30.54	59.97	187	Loamy	Kharif	Nashik	Tea
90	55	18	7.12	30.38	40.59	187	Loamy	Kharif	Nashik	Wheat
90	36	23	7.21	24.02	53.77	187	Loamy	Kharif	Nashik	Wheat
90	52	15	9.94	28.7	61.15	187	Black	Kharif	Vidarbha	Cotton
90	59	22	8.91	29.34	49	187	Black	Kharif	Vidarbha	Cotton
90	51	16	8.64	27.97	61.35	187	Black	Kharif	Vidarbha	Cotton
90	47	17	8.62	24.87	48.28	187	Black	Kharif	Vidarbha	Cotton
90	51	17	5.84	25.88	45.96	187	Alluvial	Kharif	Konkan	Rice
90	51	21	3.53	31.02	49.98	187	Loamy	Kharif	Nashik	Tea
90	55	20	7.19	27.43	87.81	187	Loamy	Kharif	Nashik	Wheat
90	54	20	7.03	28.33	80.77	187	Loamy	Kharif	Nashik	Wheat
90	55	20	6.64	27.01	84.34	187	Loamy	Kharif	Nashik	Wheat
90	56	16	6.83	28.17	81.05	187	Loamy	Kharif	Nashik	Wheat
90	56	17	6.89	29.88	87.33	187	Loamy	Kharif	Nashik	Wheat
90	57	24	7.17	29.89	89.72	187	Loamy	Kharif	Nashik	Wheat
90	59	23	6.94	28.56	83.25	187	Loamy	Kharif	Nashik	Wheat
90	51	25	7.2	27.54	85.57	187	Loamy	Kharif	Nashik	Wheat
90	49	18	6.99	29.68	87.94	187	Loamy	Kharif	Nashik	Wheat
90	39	20	7.06	28.14	82.12	187	Loamy	Kharif	Nashik	Wheat
90	35	22	7.16	29.53	86.73	187	Loamy	Kharif	Nashik	Wheat
90	52	17	6.36	27.88	86.45	187	Alluvial	Kharif	Konkan	Rice
90	42	23	6.43	28.22	82.36	187	Alluvial	Kharif	Konkan	Rice
90	46	16	6.66	29.01	84.96	187	Loamy	Kharif	Nashik	Wheat
90	38	21	6.64	29.76	86.45	187	Loamy	Kharif	Nashik	Wheat
90	60	25	6.79	29.78	85.17	187	Loamy	Kharif	Nashik	Wheat
90	53	22	6.85	27.86	80.45	187	Loamy	Kharif	Nashik	Wheat
90	58	15	7.12	27.11	84.97	187	Loamy	Kharif	Nashik	Wheat
90	35	24	6.88	27.11	83.64	187	Loamy	Kharif	Nashik	Wheat
90	53	17	6.42	28.95	89.08	187	Alluvial	Kharif	Konkan	Rice
90	47	20	6.54	29.22	87.94	187	Loamy	Kharif	Nashik	Wheat
90	53	16	6.45	28.74	85.82	187	Alluvial	Kharif	Konkan	Rice
90	45	23	6.49	29.65	80.3	187	Alluvial	Kharif	Konkan	Rice
90	37	21	6.71	27.24	86.4	187	Loamy	Kharif	Nashik	Wheat
90	60	15	6.51	28.95	81.67	187	Loamy	Kharif	Nashik	Wheat
90	45	21	6.29	28.19	82.61	187	Alluvial	Kharif	Konkan	Rice
90	57	25	6.86	28.3	86.21	187	Loamy	Kharif	Nashik	Wheat
90	57	17	6.78	27.9	88.72	187	Loamy	Kharif	Nashik	Wheat
90	57	22	6.77	28.69	87.5	187	Loamy	Kharif	Nashik	Wheat
90	59	25	6.32	27.83	88.73	187	Alluvial	Kharif	Konkan	Rice
90	41	18	6.71	28.71	81.59	187	Loamy	Kharif	Nashik	Wheat
90	48	24	6.79	28.64	84.61	187	Loamy	Kharif	Nashik	Wheat
90	36	25	7.13	28.29	88.44	187	Loamy	Kharif	Nashik	Wheat
90	36	22	7.01	27.61	86.13	187	Loamy	Kharif	Nashik	Wheat
90	59	22	7.16	28.61	86.99	187	Loamy	Kharif	Nashik	Wheat
90	48	21	6.99	29.25	84.8	187	Loamy	Kharif	Nashik	Wheat
90	50	21	6.22	28.63	89.11	187	Alluvial	Kharif	Konkan	Rice
90	40	15	7.2	29.57	88.08	187	Loamy	Kharif	Nashik	Wheat
90	43	22	6.39	27.83	87.17	187	Alluvial	Kharif	Konkan	Rice
90	57	15	6.62	29.88	83.15	187	Loamy	Kharif	Nashik	Wheat
90	60	23	7.03	27.34	88.5	187	Loamy	Kharif	Nashik	Wheat
90	59	15	6.32	29.83	89.3	187	Alluvial	Kharif	Konkan	Rice
90	60	25	6.4	28.28	82.76	187	Alluvial	Kharif	Konkan	Rice
90	47	15	6.4	29.87	85.99	187	Alluvial	Kharif	Konkan	Rice
90	45	22	6.9	29.59	89.99	187	Loamy	Kharif	Nashik	Wheat
90	39	15	6.48	28.07	82.91	187	Alluvial	Kharif	Konkan	Rice
90	40	24	7.06	27.84	90	187	Loamy	Kharif	Nashik	Wheat
90	48	15	6.98	27.11	87.45	187	Loamy	Kharif	Nashik	Wheat
90	59	25	6.23	27.69	81.94	187	Alluvial	Kharif	Konkan	Rice
90	48	24	6.23	29.35	85.6	187	Alluvial	Kharif	Konkan	Rice
90	43	21	7.14	28.36	84.86	187	Loamy	Kharif	Nashik	Wheat
90	46	24	6.46	27.65	89.81	187	Alluvial	Kharif	Konkan	Rice
90	47	19	6.57	27.31	85.45	187	Loamy	Kharif	Nashik	Wheat
90	44	18	7.13	27.07	86.9	187	Loamy	Kharif	Nashik	Wheat
90	58	20	6.43	28.07	85.92	187	Alluvial	Kharif	Konkan	Rice
90	40	21	6.25	27.73	81.14	187	Alluvial	Kharif	Konkan	Rice
90	38	18	6.62	27.54	89.93	187	Loamy	Kharif	Nashik	Wheat
90	48	20	6.38	29.66	84.28	187	Alluvial	Kharif	Konkan	Rice
90	49	25	6.42	29.91	85.85	187	Alluvial	Kharif	Konkan	Rice
90	38	15	6.32	28.36	87.6	187	Alluvial	Kharif	Konkan	Rice
90	58	15	6.98	29.46	87.61	187	Loamy	Kharif	Nashik	Wheat
90	44	16	6.44	29.73	82.89	187	Alluvial	Kharif	Konkan	Rice
90	59	23	7.18	27.47	87.18	187	Loamy	Kharif	Nashik	Wheat
90	48	22	6.4	27.77	87.1	187	Alluvial	Kharif	Konkan	Rice
90	41	17	7.09	29.13	88.48	187	Loamy	Kharif	Nashik	Wheat
90	52	19	6.7	27.11	89.9	187	Loamy	Kharif	Nashik	Wheat
90	48	17	6.59	28.88	86.94	187	Loamy	Kharif	Nashik	Wheat
90	41	20	6.65	28.15	83.8	187	Loamy	Kharif	Nashik	Wheat
90	37	25	7.12	29.89	80.14	187	Loamy	Kharif	Nashik	Wheat
90	35	20	6.91	27.42	80.98	187	Loamy	Kharif	Nashik	Wheat
90	41	20	7.07	29.27	89.49	187	Loamy	Kharif	Nashik	Wheat
90	50	23	6.53	29.65	88.49	187	Loamy	Kharif	Nashik	Wheat
90	35	21	6.68	28.45	82.68	187	Loamy	Kharif	Nashik	Wheat
90	37	15	6.58	27.96	83.98	187	Loamy	Kharif	Nashik	Wheat
90	39	22	6.86	29.26	81.98	187	Loamy	Kharif	Nashik	Wheat
90	45	21	6.49	28.36	88.01	187	Alluvial	Kharif	Konkan	Rice
90	37	20	6.61	27.63	86.49	187	Loamy	Kharif	Nashik	Wheat
90	51	17	6.86	28.66	86.12	187	Loamy	Kharif	Nashik	Wheat
90	56	20	6.42	29.21	87.11	187	Alluvial	Kharif	Konkan	Rice
90	40	22	6.37	29.41	86.16	187	Alluvial	Kharif	Konkan	Rice
90	36	21	6.56	28.03	84.88	187	Loamy	Kharif	Nashik	Wheat
90	37	17	6.76	28.09	80.35	187	Loamy	Kharif	Nashik	Wheat
90	47	18	6.72	29.16	80.28	187	Loamy	Kharif	Nashik	Wheat
90	44	17	6.67	29.86	80.03	187	Loamy	Kharif	Nashik	Wheat
90	59	19	6.63	29.07	83.69	187	Loamy	Kharif	Nashik	Wheat
90	56	21	6.7	27.39	88.67	187	Loamy	Kharif	Nashik	Wheat
90	45	18	7.01	27.93	85.42	187	Loamy	Kharif	Nashik	Wheat
90	39	17	6.89	29.28	81.8	187	Loamy	Kharif	Nashik	Wheat
90	37	15	6.82	29	83.79	187	Loamy	Kharif	Nashik	Wheat
90	37	19	7.18	27.93	86.55	187	Loamy	Kharif	Nashik	Wheat
90	54	17	6.27	28.55	88.96	187	Alluvial	Kharif	Konkan	Rice
90	51	15	6.68	29.36	89.19	187	Loamy	Kharif	Nashik	Wheat
90	54	20	6.69	28.56	83.64	187	Loamy	Kharif	Nashik	Wheat
90	45	16	6.58	28.44	87.91	187	Loamy	Kharif	Nashik	Wheat
90	40	21	6.73	28.8	80.46	187	Loamy	Kharif	Nashik	Wheat
90	37	22	7.07	28.73	89.13	187	Loamy	Kharif	Nashik	Wheat
90	44	19	6.92	27.96	83.53	187	Loamy	Kharif	Nashik	Wheat
90	45	17	6.77	28.17	83.7	187	Loamy	Kharif	Nashik	Wheat
90	45	23	6.98	28.78	86.69	187	Loamy	Kharif	Nashik	Wheat
90	48	21	6.27	28.44	83.49	187	Alluvial	Kharif	Konkan	Rice
90	79	15	7.45	29.48	63.2	187	Loamy	Kharif	Nashik	Wheat
90	62	21	7.04	26.73	68.14	187	Loamy	Kharif	Nashik	Wheat
90	61	22	7.42	26.27	62.29	187	Loamy	Kharif	Nashik	Wheat
90	73	25	6.5	34.04	67.21	187	Loamy	Kharif	Nashik	Wheat
90	58	18	6.81	28.04	65.07	187	Loamy	Kharif	Nashik	Wheat
90	55	16	7.58	28.81	65.34	187	Black	Kharif	Vidarbha	Cotton
90	72	21	7.74	34.04	64.29	187	Black	Kharif	Vidarbha	Cotton
90	64	20	6.57	33.86	61.57	187	Loamy	Kharif	Nashik	Wheat
90	64	21	7.54	32.84	68.68	187	Black	Kharif	Vidarbha	Cotton
90	74	17	6.54	27.1	63.36	187	Loamy	Kharif	Nashik	Wheat
90	73	24	7.22	25.66	61.18	187	Loamy	Kharif	Nashik	Wheat
90	67	25	7.55	32.35	66.61	187	Black	Kharif	Vidarbha	Cotton
90	63	19	6.93	29.59	68.32	187	Loamy	Kharif	Nashik	Wheat
90	66	22	7.75	30.91	68.79	187	Black	Kharif	Vidarbha	Cotton
90	56	18	6.71	28.13	64.21	187	Loamy	Kharif	Nashik	Wheat
90	66	15	6.67	30.09	69.35	187	Loamy	Kharif	Nashik	Wheat
90	55	19	7.33	31.74	62.51	187	Loamy	Kharif	Nashik	Wheat
90	58	23	7.6	27.81	62.5	187	Black	Kharif	Vidarbha	Cotton
90	65	25	7.71	32.89	64.59	187	Black	Kharif	Vidarbha	Cotton
90	62	18	7.37	29.36	64.99	187	Loamy	Kharif	Nashik	Wheat
90	71	15	6.92	27.83	67.59	187	Loamy	Kharif	Nashik	Wheat
90	71	24	7.19	28.5	60.45	187	Loamy	Kharif	Nashik	Wheat
90	71	16	7.08	27.74	68.54	187	Loamy	Kharif	Nashik	Wheat
90	63	18	6.74	30.42	67.66	187	Loamy	Kharif	Nashik	Wheat
90	60	25	6.73	27.33	69.09	187	Loamy	Kharif	Nashik	Wheat
90	61	21	6.63	30.28	61.69	187	Loamy	Kharif	Nashik	Wheat
90	68	22	7.13	28.57	61.53	187	Loamy	Kharif	Nashik	Wheat
90	62	15	7.54	25.37	66.64	187	Black	Kharif	Vidarbha	Cotton
90	66	17	7.16	34.95	65.27	187	Loamy	Kharif	Nashik	Wheat
90	63	22	6.86	25.1	67.73	187	Loamy	Kharif	Nashik	Wheat
90	72	19	7.4	32.48	64.35	187	Loamy	Kharif	Nashik	Wheat
90	65	21	6.88	33.86	68.59	187	Loamy	Kharif	Nashik	Wheat
90	78	21	6.58	25.2	60.37	187	Loamy	Kharif	Nashik	Wheat
90	67	17	7.3	31.78	69.02	187	Loamy	Kharif	Nashik	Wheat
90	60	21	6.97	34.9	63.6	187	Loamy	Kharif	Nashik	Wheat
90	76	17	7.24	31.74	68.64	187	Loamy	Kharif	Nashik	Wheat
90	78	19	6.92	27.16	66.76	187	Loamy	Kharif	Nashik	Wheat
90	60	17	7.5	26.24	67.89	187	Black	Kharif	Vidarbha	Cotton
90	75	15	7.15	30.2	60.07	187	Loamy	Kharif	Nashik	Wheat
90	72	15	7.14	31.56	67.84	187	Loamy	Kharif	Nashik	Wheat
90	80	19	6.81	29.68	69.09	187	Loamy	Kharif	Nashik	Wheat
90	76	18	7.39	27.05	67.7	187	Loamy	Kharif	Nashik	Wheat
90	68	19	7.7	34.64	61.39	187	Black	Kharif	Vidarbha	Cotton
90	78	21	6.6	33.39	62.94	187	Loamy	Kharif	Nashik	Wheat
90	64	25	6.73	28.84	63.37	187	Loamy	Kharif	Nashik	Wheat
90	80	19	6.52	31.49	63.06	187	Loamy	Kharif	Nashik	Wheat
90	68	23	7.71	25.55	63.95	187	Black	Kharif	Vidarbha	Cotton
90	67	16	6.6	34.37	69.69	187	Loamy	Kharif	Nashik	Wheat
90	70	15	7.4	34.6	63.11	187	Loamy	Kharif	Nashik	Wheat
90	74	15	7.52	29.43	64.94	187	Black	Kharif	Vidarbha	Cotton
90	67	16	7.18	29.11	67.91	187	Loamy	Kharif	Nashik	Wheat
90	80	22	6.59	28.57	65.72	187	Loamy	Kharif	Nashik	Wheat
90	79	19	7.14	27.54	69.35	187	Loamy	Kharif	Nashik	Wheat
90	75	21	6.69	33.05	68.94	187	Loamy	Kharif	Nashik	Wheat
90	55	20	7.42	33.95	69.96	187	Loamy	Kharif	Nashik	Wheat
90	68	17	6.58	30.12	60.12	187	Loamy	Kharif	Nashik	Wheat
90	68	20	7.5	29.58	66.18	187	Loamy	Kharif	Nashik	Wheat
90	76	22	7.78	27.26	68.01	187	Black	Kharif	Vidarbha	Cotton
90	60	16	7.32	31.36	64.25	187	Loamy	Kharif	Nashik	Wheat
90	72	17	7.58	31.52	66.56	187	Black	Kharif	Vidarbha	Cotton
90	68	19	7.11	29.4	64.26	187	Loamy	Kharif	Nashik	Wheat
90	62	15	7.36	29.38	64.15	187	Loamy	Kharif	Nashik	Wheat
90	65	23	7.41	28.39	61.89	187	Loamy	Kharif	Nashik	Wheat
90	64	15	6.5	28.47	63.54	187	Loamy	Kharif	Nashik	Wheat
90	58	16	7.17	30.64	61.15	187	Loamy	Kharif	Nashik	Wheat
90	75	25	7.26	25.26	61.37	187	Loamy	Kharif	Nashik	Wheat
90	66	19	7.59	32.97	60.18	187	Black	Kharif	Vidarbha	Cotton
90	70	16	7.53	33.67	66.6	187	Black	Kharif	Vidarbha	Cotton
90	57	19	7.25	32.84	68	187	Loamy	Kharif	Nashik	Wheat
90	58	25	6.51	27.46	62.9	187	Loamy	Kharif	Nashik	Wheat
90	62	17	7.12	25.69	69.84	187	Loamy	Kharif	Nashik	Wheat
90	75	22	7.57	30.03	64.15	187	Black	Kharif	Vidarbha	Cotton
90	80	20	7.35	28.21	68.27	187	Loamy	Kharif	Nashik	Wheat
90	76	16	7.51	28.27	61.19	187	Black	Kharif	Vidarbha	Cotton
90	76	15	7.03	28.54	64.2	187	Loamy	Kharif	Nashik	Wheat
90	61	20	6.8	26.87	61.61	187	Loamy	Kharif	Nashik	Wheat
90	60	15	7.16	32.8	68.78	187	Loamy	Kharif	Nashik	Wheat
90	63	15	7.34	26.42	64.51	187	Loamy	Kharif	Nashik	Wheat
90	67	21	6.62	29.79	63.39	187	Loamy	Kharif	Nashik	Wheat
90	63	16	6.66	27.44	67.1	187	Loamy	Kharif	Nashik	Wheat
90	68	17	7.73	34.13	65.15	187	Black	Kharif	Vidarbha	Cotton
90	61	15	7.4	30.95	64.23	187	Loamy	Kharif	Nashik	Wheat
90	74	18	6.6	28.76	61.03	187	Loamy	Kharif	Nashik	Wheat
90	79	17	7.04	27.25	66.1	187	Loamy	Kharif	Nashik	Wheat
90	62	24	7.35	28.63	66.77	187	Loamy	Kharif	Nashik	Wheat
90	60	17	7.03	26.42	63.65	187	Loamy	Kharif	Nashik	Wheat
90	65	20	6.81	32.82	66.16	187	Loamy	Kharif	Nashik	Wheat
90	55	25	7.42	29.63	65.91	187	Loamy	Kharif	Nashik	Wheat
90	62	24	6.85	33.49	62.73	187	Loamy	Kharif	Nashik	Wheat
90	59	22	7.19	31.87	66.74	187	Loamy	Kharif	Nashik	Wheat
90	77	21	7.01	30.33	65.63	187	Loamy	Kharif	Nashik	Wheat
90	58	17	7.37	28.55	66.31	187	Loamy	Kharif	Nashik	Wheat
90	63	17	7.26	30.03	67.89	187	Loamy	Kharif	Nashik	Wheat
90	63	18	6.53	31.66	60.13	187	Loamy	Kharif	Nashik	Wheat
90	70	15	6.87	30.33	63.55	187	Loamy	Kharif	Nashik	Wheat
90	73	16	6.87	33.37	65.68	187	Loamy	Kharif	Nashik	Wheat
90	77	22	7.76	31.43	62.99	187	Black	Kharif	Vidarbha	Cotton
90	79	23	6.78	27.72	63.29	187	Loamy	Kharif	Nashik	Wheat
90	77	21	7.33	32.64	61.3	187	Loamy	Kharif	Nashik	Wheat
90	62	25	7.45	32.75	67.78	187	Loamy	Kharif	Nashik	Wheat
90	76	15	7.6	28.05	63.5	187	Black	Kharif	Vidarbha	Cotton
90	61	22	7.73	19.44	63.28	187	Black	Kharif	Vidarbha	Cotton
90	60	20	7.49	29.85	60.64	187	Loamy	Kharif	Nashik	Wheat
90	74	17	6.63	21.36	69.92	187	Loamy	Kharif	Nashik	Wheat
90	71	16	7.32	26.29	68.52	187	Loamy	Kharif	Nashik	Wheat
90	71	18	6.41	22.17	62.14	187	Alluvial	Kharif	Konkan	Rice
90	72	18	7.84	26.58	60.98	187	Black	Kharif	Vidarbha	Cotton
90	59	21	6.14	26.59	66.14	187	Alluvial	Kharif	Konkan	Rice
90	64	20	6.59	19.13	62.58	187	Loamy	Kharif	Nashik	Wheat
90	58	17	7.29	28.75	69.16	187	Loamy	Kharif	Nashik	Wheat
90	77	20	6.06	25.79	60.28	187	Alluvial	Kharif	Konkan	Rice
90	75	22	6.66	23.89	61.79	187	Loamy	Kharif	Nashik	Wheat
90	69	23	7.3	28.67	63.19	187	Loamy	Kharif	Nashik	Wheat
90	80	24	7.82	28.42	61.77	187	Black	Kharif	Vidarbha	Cotton
90	78	15	5.93	21.35	62.6	187	Alluvial	Kharif	Konkan	Rice
90	79	17	6.4	21.13	63.19	187	Alluvial	Kharif	Konkan	Rice
90	62	22	7.4	24.02	61.62	187	Loamy	Kharif	Nashik	Wheat
90	60	24	7.72	25.4	65.86	187	Black	Kharif	Vidarbha	Cotton
90	67	22	7.48	29.03	64.49	187	Loamy	Kharif	Nashik	Wheat
90	78	18	6.89	20.21	68.65	187	Loamy	Kharif	Nashik	Wheat
90	80	16	7.44	29.2	68.02	187	Loamy	Kharif	Nashik	Wheat
90	61	24	7.63	18.3	69.69	187	Black	Kharif	Vidarbha	Cotton
90	66	20	7.34	27.41	63.42	187	Loamy	Kharif	Nashik	Wheat
90	61	21	6.75	24.84	60.09	187	Loamy	Kharif	Nashik	Wheat
90	60	21	7.52	29.94	67.31	187	Black	Kharif	Vidarbha	Cotton
90	66	22	6.35	25.88	67.55	187	Alluvial	Kharif	Konkan	Rice
90	56	18	7.14	20.05	65.84	187	Loamy	Kharif	Nashik	Wheat
90	72	15	7.67	22.99	66.71	187	Black	Kharif	Vidarbha	Cotton
90	77	20	7.4	25.13	66.93	187	Loamy	Kharif	Nashik	Wheat
90	65	24	7.84	28.5	62.45	187	Black	Kharif	Vidarbha	Cotton
90	79	22	6.25	18.29	69.49	187	Alluvial	Kharif	Konkan	Rice
90	63	16	6.87	24.38	61.18	187	Loamy	Kharif	Nashik	Wheat
90	78	23	7.32	21.32	66.44	187	Loamy	Kharif	Nashik	Wheat
90	78	18	6.3	18.54	62.71	187	Alluvial	Kharif	Konkan	Rice
90	67	25	7.24	25.29	60.86	187	Loamy	Kharif	Nashik	Wheat
90	65	23	7.69	25.43	69.13	187	Black	Kharif	Vidarbha	Cotton
90	72	15	6.89	28.84	69.76	187	Loamy	Kharif	Nashik	Wheat
90	57	21	6.16	27.38	63.94	187	Alluvial	Kharif	Konkan	Rice
90	58	15	6.17	28.32	60.19	187	Alluvial	Kharif	Konkan	Rice
90	58	25	6.86	27.48	62.05	187	Loamy	Kharif	Nashik	Wheat
90	65	19	6.98	18.28	68.1	187	Loamy	Kharif	Nashik	Wheat
90	65	19	7.04	27.61	69.3	187	Loamy	Kharif	Nashik	Wheat
90	65	19	5.94	23.44	63.22	187	Alluvial	Kharif	Konkan	Rice
90	69	19	7.24	20.96	63.68	187	Loamy	Kharif	Nashik	Wheat
90	55	16	6.52	23.79	68.03	187	Loamy	Kharif	Nashik	Wheat
90	61	17	6.23	22.64	65.45	187	Alluvial	Kharif	Konkan	Rice
90	79	15	7.51	21.54	65.47	187	Black	Kharif	Vidarbha	Cotton
90	63	17	6.95	29.88	65.73	187	Loamy	Kharif	Nashik	Wheat
90	61	15	6.96	25.27	67.1	187	Loamy	Kharif	Nashik	Wheat
90	70	16	6.55	25.18	68.93	187	Loamy	Kharif	Nashik	Wheat
90	74	25	6.46	24.12	61.1	187	Alluvial	Kharif	Konkan	Rice
90	64	23	7.07	23.34	67.4	187	Loamy	Kharif	Nashik	Wheat
90	58	23	6.77	21.75	63.4	187	Loamy	Kharif	Nashik	Wheat
90	79	22	5.92	27.6	63.46	187	Alluvial	Kharif	Konkan	Rice
90	68	18	6.71	24.39	62.5	187	Loamy	Kharif	Nashik	Wheat
90	79	20	6.38	24.98	66.9	187	Alluvial	Kharif	Konkan	Rice
90	77	22	6.31	28.23	69.32	187	Alluvial	Kharif	Konkan	Rice
90	74	17	7.39	26.03	69.56	187	Loamy	Kharif	Nashik	Wheat
90	68	24	7.5	28.05	64.08	187	Black	Kharif	Vidarbha	Cotton
90	75	17	7.2	24.87	64	187	Loamy	Kharif	Nashik	Wheat
90	78	22	7.01	23.97	62.36	187	Loamy	Kharif	Nashik	Wheat
90	79	19	6.68	20.06	67.76	187	Loamy	Kharif	Nashik	Wheat
90	60	18	6.74	19.59	61.29	187	Loamy	Kharif	Nashik	Wheat
90	69	16	6.55	29.77	66.29	187	Loamy	Kharif	Nashik	Wheat
90	67	21	6.55	27.52	60.54	187	Loamy	Kharif	Nashik	Wheat
90	67	23	6.59	25.63	63.15	187	Loamy	Kharif	Nashik	Wheat
90	67	20	6.92	20.39	60.48	187	Loamy	Kharif	Nashik	Wheat
90	70	21	7.44	25.39	60.5	187	Loamy	Kharif	Nashik	Wheat
90	71	19	7.14	24.91	60.71	187	Loamy	Kharif	Nashik	Wheat
90	68	16	7.75	27.7	63.21	187	Black	Kharif	Vidarbha	Cotton
90	66	22	6.3	18.06	65.1	187	Alluvial	Kharif	Konkan	Rice
90	65	16	6.08	18.13	62.46	187	Alluvial	Kharif	Konkan	Rice
90	59	22	6.77	23.83	67.9	187	Loamy	Kharif	Nashik	Wheat
90	59	19	7.64	23.19	62.75	187	Black	Kharif	Vidarbha	Cotton
90	63	17	6.56	25.09	68.18	187	Loamy	Kharif	Nashik	Wheat
90	69	21	7.07	25.87	61.88	187	Loamy	Kharif	Nashik	Wheat
90	75	17	7.73	18.44	68.05	187	Black	Kharif	Vidarbha	Cotton
90	61	18	6.16	27.15	67.03	187	Alluvial	Kharif	Konkan	Rice
90	74	17	7.24	23.33	64.51	187	Loamy	Kharif	Nashik	Wheat
90	74	22	6.9	26.72	62.97	187	Loamy	Kharif	Nashik	Wheat
90	63	24	6.82	19.56	64.45	187	Loamy	Kharif	Nashik	Wheat
90	56	17	6.26	26.14	66.77	187	Alluvial	Kharif	Konkan	Rice
90	74	15	6.49	28	65.58	187	Alluvial	Kharif	Konkan	Rice
90	76	20	7.04	29.06	62.11	187	Loamy	Kharif	Nashik	Wheat
90	65	16	7.69	25.71	64.11	187	Black	Kharif	Vidarbha	Cotton
90	67	21	6.25	21.8	63.73	187	Alluvial	Kharif	Konkan	Rice
90	79	16	6.05	24.71	60.27	187	Alluvial	Kharif	Konkan	Rice
90	61	22	7	20.95	65.81	187	Loamy	Kharif	Nashik	Wheat
90	70	19	7.27	24.85	68.98	187	Loamy	Kharif	Nashik	Wheat
90	80	19	5.96	21.91	65.22	187	Alluvial	Kharif	Konkan	Rice
90	77	20	7.08	25.93	68.71	187	Loamy	Kharif	Nashik	Wheat
90	67	22	6.59	29.82	69.41	187	Loamy	Kharif	Nashik	Wheat
90	73	25	7.29	27.52	63.13	187	Loamy	Kharif	Nashik	Wheat
90	56	18	7.33	28	68.64	187	Loamy	Kharif	Nashik	Wheat
90	70	15	6.37	20.77	63.9	187	Alluvial	Kharif	Konkan	Rice
90	56	22	7.01	23.05	60.42	187	Loamy	Kharif	Nashik	Wheat
90	77	17	6.28	21.66	63.58	187	Alluvial	Kharif	Konkan	Rice
90	59	19	7.62	26.25	67.63	187	Black	Kharif	Vidarbha	Cotton
90	73	15	7.63	20.97	63.83	187	Black	Kharif	Vidarbha	Cotton
90	77	15	7.8	23.9	66.32	187	Black	Kharif	Vidarbha	Cotton
90	24	38	5.92	24.56	91.64	187	Alluvial	Kharif	Konkan	Rice
90	18	37	5.94	19.66	89.94	187	Alluvial	Kharif	Konkan	Rice
90	26	36	6.8	18.78	87.4	187	Loamy	Kharif	Nashik	Wheat
90	18	39	6.42	24.15	94.51	187	Alluvial	Kharif	Konkan	Rice
90	27	38	6.74	22.45	89.9	187	Loamy	Kharif	Nashik	Wheat
90	25	38	6.5	24.96	92.41	187	Alluvial	Kharif	Konkan	Rice
90	21	38	6.33	22.55	89.33	187	Alluvial	Kharif	Konkan	Rice
90	30	40	6.36	22.77	91.45	187	Alluvial	Kharif	Konkan	Rice
90	27	41	6.92	19.2	94.28	187	Loamy	Kharif	Nashik	Wheat
90	11	38	6.63	23.13	92.68	187	Loamy	Kharif	Nashik	Wheat
90	5	36	5.83	24.93	85.19	187	Alluvial	Kharif	Konkan	Rice
90	10	41	6.74	24.77	85.64	187	Loamy	Kharif	Nashik	Wheat
90	7	37	5.78	19.87	86.36	187	Alluvial	Kharif	Konkan	Rice
90	20	41	6.54	24.27	93.8	187	Loamy	Kharif	Nashik	Wheat
90	22	40	6.15	23.63	89.73	187	Alluvial	Kharif	Konkan	Rice
90	15	42	6.89	19.68	89.09	187	Loamy	Kharif	Nashik	Wheat
90	27	41	7.18	22.37	92.31	187	Loamy	Kharif	Nashik	Wheat
90	18	42	5.94	21.58	94.88	187	Alluvial	Kharif	Konkan	Rice
90	15	38	5.71	18.26	88.17	187	Alluvial	Kharif	Konkan	Rice
90	23	44	6.18	23.71	89.62	187	Alluvial	Kharif	Konkan	Rice
90	8	40	6.55	22.49	89.92	187	Loamy	Kharif	Nashik	Wheat
90	27	45	5.89	21.66	94.79	187	Alluvial	Kharif	Konkan	Rice
90	23	44	6.14	20.13	89.32	187	Alluvial	Kharif	Konkan	Rice
90	16	39	6.1	18.41	91.12	187	Alluvial	Kharif	Konkan	Rice
90	29	40	6.59	19.68	89.75	187	Loamy	Kharif	Nashik	Wheat
90	17	42	6.86	23.2	91.19	187	Loamy	Kharif	Nashik	Wheat
90	21	44	6.57	18.92	87.31	187	Loamy	Kharif	Nashik	Wheat
90	6	40	6.77	22.11	91.34	187	Loamy	Kharif	Nashik	Wheat
90	23	44	7.13	18.47	89.69	187	Loamy	Kharif	Nashik	Wheat
90	16	36	5.74	19.81	88.93	187	Alluvial	Kharif	Konkan	Rice
90	18	43	5.84	24.49	90.84	187	Alluvial	Kharif	Konkan	Rice
90	21	42	6.65	18.76	89.93	187	Loamy	Kharif	Nashik	Wheat
90	23	42	6.9	19.54	90.3	187	Loamy	Kharif	Nashik	Wheat
90	17	40	6.61	18.91	87.75	187	Loamy	Kharif	Nashik	Wheat
90	25	36	6.83	19.91	94.95	187	Loamy	Kharif	Nashik	Wheat
90	18	42	6.91	19.73	89.65	187	Loamy	Kharif	Nashik	Wheat
90	19	42	6.31	23.83	87.84	187	Alluvial	Kharif	Konkan	Rice
90	24	41	7.01	24.94	94.26	187	Loamy	Kharif	Nashik	Wheat
90	24	40	6.3	24.69	93.87	187	Alluvial	Kharif	Konkan	Rice
90	17	39	6.73	24.72	85.56	187	Loamy	Kharif	Nashik	Wheat
90	30	38	6.97	20.13	87.6	187	Loamy	Kharif	Nashik	Wheat
90	29	44	5.58	21.02	93.06	187	Alluvial	Kharif	Konkan	Rice
90	24	43	7.2	22.4	88.15	187	Loamy	Kharif	Nashik	Wheat
90	21	35	5.84	20.34	89.38	187	Alluvial	Kharif	Konkan	Rice
90	11	36	6.71	24.25	85.56	187	Loamy	Kharif	Nashik	Wheat
90	25	41	5.97	24.82	91.91	187	Alluvial	Kharif	Konkan	Rice
90	22	43	5.56	19.66	87.95	187	Alluvial	Kharif	Konkan	Rice
90	21	38	6.11	22.43	90.34	187	Alluvial	Kharif	Konkan	Rice
90	26	38	6.99	22.92	85.13	187	Loamy	Kharif	Nashik	Wheat
90	18	37	7.13	22.92	85.41	187	Loamy	Kharif	Nashik	Wheat
90	6	41	7.09	24.88	89.4	187	Loamy	Kharif	Nashik	Wheat
90	21	45	6.75	23.41	93.13	187	Loamy	Kharif	Nashik	Wheat
90	5	44	7.16	21.21	94.26	187	Loamy	Kharif	Nashik	Wheat
90	7	43	7.01	18.2	91.12	187	Loamy	Kharif	Nashik	Wheat
90	13	37	5.65	22.34	89.79	187	Alluvial	Kharif	Konkan	Rice
90	24	41	6.61	24.33	90.88	187	Loamy	Kharif	Nashik	Wheat
90	23	35	7.05	19.75	88.72	187	Loamy	Kharif	Nashik	Wheat
90	20	39	6.03	19.86	86.2	187	Alluvial	Kharif	Konkan	Rice
90	19	43	5.78	18.07	93.15	187	Alluvial	Kharif	Konkan	Rice
90	9	45	6.54	23.89	89.62	187	Loamy	Kharif	Nashik	Wheat
90	27	36	5.68	23.99	93.34	187	Alluvial	Kharif	Konkan	Rice
90	30	44	6.12	20.94	85.43	187	Alluvial	Kharif	Konkan	Rice
90	21	42	7	20.82	87.23	187	Loamy	Kharif	Nashik	Wheat
90	30	37	6.28	20.86	91.62	187	Alluvial	Kharif	Konkan	Rice
90	11	44	6.32	24.46	86.11	187	Alluvial	Kharif	Konkan	Rice
90	9	40	5.96	24.51	90.64	187	Alluvial	Kharif	Konkan	Rice
90	27	44	6.59	24.57	92.03	187	Loamy	Kharif	Nashik	Wheat
90	29	42	7.1	24.63	89.02	187	Loamy	Kharif	Nashik	Wheat
90	25	40	6.41	20.07	90.98	187	Alluvial	Kharif	Konkan	Rice
90	14	37	6.66	21.81	94.64	187	Loamy	Kharif	Nashik	Wheat
90	9	36	6.28	22.81	86.34	187	Alluvial	Kharif	Konkan	Rice
90	14	37	6.83	22.73	88.49	187	Loamy	Kharif	Nashik	Wheat
90	21	35	6.37	23.28	94.94	187	Alluvial	Kharif	Konkan	Rice
90	23	38	7.01	19.3	87.18	187	Loamy	Kharif	Nashik	Wheat
90	6	41	6.9	19.01	88.84	187	Loamy	Kharif	Nashik	Wheat
90	5	36	6.15	24.35	90.89	187	Alluvial	Kharif	Konkan	Rice
90	9	44	5.74	24.72	88.88	187	Alluvial	Kharif	Konkan	Rice
90	8	43	7.05	21.93	94.46	187	Loamy	Kharif	Nashik	Wheat
90	11	45	6.03	24.84	86.89	187	Alluvial	Kharif	Konkan	Rice
90	17	45	6.92	18.1	90.42	187	Loamy	Kharif	Nashik	Wheat
90	5	42	6.89	20.24	91.09	187	Loamy	Kharif	Nashik	Wheat
90	28	38	6.84	23.23	94.43	187	Loamy	Kharif	Nashik	Wheat
90	13	42	5.79	23.5	92.98	187	Alluvial	Kharif	Konkan	Rice
90	9	40	5.63	19.45	89.02	187	Alluvial	Kharif	Konkan	Rice
90	27	41	5.7	20.51	92.52	187	Alluvial	Kharif	Konkan	Rice
90	25	36	5.57	18.9	95	187	Alluvial	Kharif	Konkan	Rice
90	7	45	6.08	18.91	89.24	187	Alluvial	Kharif	Konkan	Rice
90	10	45	6.4	22.63	88.46	187	Alluvial	Kharif	Konkan	Rice
90	18	43	5.77	19.39	86.79	187	Alluvial	Kharif	Konkan	Rice
90	26	39	7.08	24.38	91.19	187	Loamy	Kharif	Nashik	Wheat
90	16	36	5.89	23.78	92.93	187	Alluvial	Kharif	Konkan	Rice
90	20	38	7.06	22.6	93.16	187	Loamy	Kharif	Nashik	Wheat
90	9	41	5.78	24.38	85.4	187	Alluvial	Kharif	Konkan	Rice
90	30	35	6.27	20.89	91.08	187	Alluvial	Kharif	Konkan	Rice
90	25	35	5.89	18.1	85.71	187	Alluvial	Kharif	Konkan	Rice
90	23	45	7.12	20	85.84	187	Loamy	Kharif	Nashik	Wheat
90	14	41	6.43	19.85	89.81	187	Alluvial	Kharif	Konkan	Rice
90	17	45	7.16	21.25	92.65	187	Loamy	Kharif	Nashik	Wheat
90	24	39	6.43	23.65	93.33	187	Alluvial	Kharif	Konkan	Rice
90	28	37	6.08	23.88	86.21	187	Alluvial	Kharif	Konkan	Rice
90	94	46	6.15	29.37	76.25	187	Alluvial	Kharif	Konkan	Rice
90	95	50	5.85	27.33	83.68	187	Alluvial	Kharif	Konkan	Rice
90	92	53	6.28	27.4	82.96	187	Alluvial	Kharif	Konkan	Rice
90	76	54	5.93	29.32	80.12	187	Alluvial	Kharif	Konkan	Rice
90	77	49	5.52	26.05	79.4	187	Alluvial	Kharif	Konkan	Rice
90	94	53	6.08	25.87	84.42	187	Alluvial	Kharif	Konkan	Rice
90	92	55	6.13	27.01	80.19	187	Alluvial	Kharif	Konkan	Rice
90	89	53	5.81	29.55	78.07	187	Alluvial	Kharif	Konkan	Rice
90	88	55	5.89	26.29	83.39	187	Alluvial	Kharif	Konkan	Rice
90	77	52	5.82	29.16	76.16	187	Alluvial	Kharif	Konkan	Rice
90	88	52	5.84	28.65	82.69	187	Alluvial	Kharif	Konkan	Rice
90	87	54	6.38	29.07	76.5	187	Alluvial	Kharif	Konkan	Rice
90	75	50	5.62	28.08	75.26	187	Alluvial	Kharif	Konkan	Rice
90	85	53	5.92	27.2	78.81	187	Alluvial	Kharif	Konkan	Rice
90	95	49	6.46	28.05	78.05	187	Alluvial	Kharif	Konkan	Rice
90	79	55	5.57	25.15	83.35	187	Alluvial	Kharif	Konkan	Rice
90	95	47	6.21	25.94	78.34	187	Alluvial	Kharif	Konkan	Rice
90	79	45	6.49	27.67	79.69	187	Alluvial	Kharif	Konkan	Rice
90	76	45	5.59	25.57	75.94	187	Alluvial	Kharif	Konkan	Rice
90	86	48	6.23	28.7	82.54	187	Alluvial	Kharif	Konkan	Rice
90	94	53	6.19	26.34	76.85	187	Alluvial	Kharif	Konkan	Rice
90	78	50	5.92	25.94	78.9	187	Alluvial	Kharif	Konkan	Rice
90	70	48	6.2	25.14	84.88	187	Alluvial	Kharif	Konkan	Rice
90	71	47	6.16	27.51	80.8	187	Alluvial	Kharif	Konkan	Rice
90	79	51	6.31	26.21	82.34	187	Alluvial	Kharif	Konkan	Rice
90	78	45	6.32	29.1	79.2	187	Alluvial	Kharif	Konkan	Rice
90	73	48	5.71	29.24	77.32	187	Alluvial	Kharif	Konkan	Rice
90	76	47	6.12	25.56	77.38	187	Alluvial	Kharif	Konkan	Rice
90	87	48	5.57	26.4	81.36	187	Alluvial	Kharif	Konkan	Rice
90	83	47	5.63	28.1	77.8	187	Alluvial	Kharif	Konkan	Rice
90	91	47	6.1	27.85	83.31	187	Alluvial	Kharif	Konkan	Rice
90	81	52	6.44	27.39	81.47	187	Alluvial	Kharif	Konkan	Rice
90	74	45	6.1	25.15	81.38	187	Alluvial	Kharif	Konkan	Rice
90	71	48	5.7	28.65	79.29	187	Alluvial	Kharif	Konkan	Rice
90	91	51	5.62	29.16	76.67	187	Alluvial	Kharif	Konkan	Rice
90	71	47	6.44	27.57	82.06	187	Alluvial	Kharif	Konkan	Rice
90	79	49	6.18	25.41	82.36	187	Alluvial	Kharif	Konkan	Rice
90	72	55	6.22	25.99	83.34	187	Alluvial	Kharif	Konkan	Rice
90	73	53	5.87	26.29	81.06	187	Alluvial	Kharif	Konkan	Rice
90	84	52	6.39	29.15	78.71	187	Alluvial	Kharif	Konkan	Rice
90	90	47	6.21	26.6	79.36	187	Alluvial	Kharif	Konkan	Rice
90	70	48	6.01	25.36	75.03	187	Alluvial	Kharif	Konkan	Rice
90	89	53	5.91	29.12	80.18	187	Alluvial	Kharif	Konkan	Rice
90	80	52	6.05	27.54	77.26	187	Alluvial	Kharif	Konkan	Rice
90	91	53	6.01	29.67	83.51	187	Alluvial	Kharif	Konkan	Rice
90	78	46	5.74	25.06	84.97	187	Alluvial	Kharif	Konkan	Rice
90	70	55	5.74	25.87	78.52	187	Alluvial	Kharif	Konkan	Rice
90	86	52	5.79	25.85	81.96	187	Alluvial	Kharif	Konkan	Rice
90	95	50	5.51	26.52	77.8	187	Alluvial	Kharif	Konkan	Rice
90	90	48	5.99	28.67	79.59	187	Alluvial	Kharif	Konkan	Rice
90	72	45	5.79	28.15	81.54	187	Alluvial	Kharif	Konkan	Rice
90	81	55	5.92	26.42	83.7	187	Alluvial	Kharif	Konkan	Rice
90	75	50	6.24	26.59	81.41	187	Alluvial	Kharif	Konkan	Rice
90	81	50	6.04	27.72	76.58	187	Alluvial	Kharif	Konkan	Rice
90	75	45	5.83	28.98	82.96	187	Alluvial	Kharif	Konkan	Rice
90	71	55	6.09	29.42	83.97	187	Alluvial	Kharif	Konkan	Rice
90	94	47	6.47	27.4	81.11	187	Alluvial	Kharif	Konkan	Rice
90	73	54	5.72	26.4	84.41	187	Alluvial	Kharif	Konkan	Rice
90	79	45	5.81	27.81	82.69	187	Alluvial	Kharif	Konkan	Rice
90	86	53	5.7	25.2	83.56	187	Alluvial	Kharif	Konkan	Rice
90	79	53	6.17	28.31	75.77	187	Alluvial	Kharif	Konkan	Rice
90	74	50	6	25.9	80.47	187	Alluvial	Kharif	Konkan	Rice
90	75	55	6.21	27.49	76.11	187	Alluvial	Kharif	Konkan	Rice
90	83	46	5.77	29.38	83.5	187	Alluvial	Kharif	Konkan	Rice
90	85	51	5.74	29.22	81.08	187	Alluvial	Kharif	Konkan	Rice
90	80	54	5.88	27.09	81.34	187	Alluvial	Kharif	Konkan	Rice
90	72	51	6.1	26.13	81.81	187	Alluvial	Kharif	Konkan	Rice
90	75	45	5.67	29.01	77.95	187	Alluvial	Kharif	Konkan	Rice
90	85	49	5.69	27.97	79.29	187	Alluvial	Kharif	Konkan	Rice
90	87	52	5.91	28.08	76.06	187	Alluvial	Kharif	Konkan	Rice
90	72	46	6.11	25.16	84.98	187	Alluvial	Kharif	Konkan	Rice
90	88	54	6.02	25.79	84.51	187	Alluvial	Kharif	Konkan	Rice
90	79	50	6.44	25.34	84.47	187	Alluvial	Kharif	Konkan	Rice
90	88	55	5.51	29.45	78.35	187	Alluvial	Kharif	Konkan	Rice
90	74	45	5.68	26.48	78.52	187	Alluvial	Kharif	Konkan	Rice
90	82	48	5.72	27.39	83.31	187	Alluvial	Kharif	Konkan	Rice
90	91	55	6.28	25.08	80.26	187	Alluvial	Kharif	Konkan	Rice
90	85	55	6.28	26.67	76.49	187	Alluvial	Kharif	Konkan	Rice
90	88	51	6.2	25.45	79.49	187	Alluvial	Kharif	Konkan	Rice
90	92	45	5.76	28.23	80.64	187	Alluvial	Kharif	Konkan	Rice
90	92	47	6.32	28.13	77.48	187	Alluvial	Kharif	Konkan	Rice
90	77	46	5.9	28.95	82.19	187	Alluvial	Kharif	Konkan	Rice
90	86	55	5.64	27.96	84.15	187	Alluvial	Kharif	Konkan	Rice
90	88	52	6.24	28	78.9	187	Alluvial	Kharif	Konkan	Rice
90	73	46	6.28	29.14	80.12	187	Alluvial	Kharif	Konkan	Rice
90	73	52	6.36	27.91	83.36	187	Alluvial	Kharif	Konkan	Rice
90	74	52	5.84	25.43	81.54	187	Alluvial	Kharif	Konkan	Rice
90	89	48	5.65	28.56	84.52	187	Alluvial	Kharif	Konkan	Rice
90	70	46	5.73	26.6	83	187	Alluvial	Kharif	Konkan	Rice
90	87	48	6.2	27.2	77.4	187	Alluvial	Kharif	Konkan	Rice
90	82	45	5.61	25.29	79.29	187	Alluvial	Kharif	Konkan	Rice
90	86	51	6.26	29.91	76.99	187	Alluvial	Kharif	Konkan	Rice
90	85	45	6.04	27.95	76.64	187	Alluvial	Kharif	Konkan	Rice
90	93	46	5.76	25.01	78.76	187	Alluvial	Kharif	Konkan	Rice
90	89	51	6.16	29.21	84.7	187	Alluvial	Kharif	Konkan	Rice
90	94	47	6.39	27.36	84.55	187	Alluvial	Kharif	Konkan	Rice
90	81	52	5.89	28.01	76.53	187	Alluvial	Kharif	Konkan	Rice
90	71	54	5.73	28.67	82.21	187	Alluvial	Kharif	Konkan	Rice
90	75	55	6.28	27.35	78.49	187	Alluvial	Kharif	Konkan	Rice
90	81	53	5.51	29.51	78.21	187	Alluvial	Kharif	Konkan	Rice
90	40	27	5.95	29.74	47.55	187	Alluvial	Kharif	Konkan	Rice
90	24	31	4.76	33.56	53.73	187	Loamy	Kharif	Nashik	Tea
90	26	27	5.7	27	47.68	187	Alluvial	Kharif	Konkan	Rice
90	22	25	5.98	33.56	45.54	187	Alluvial	Kharif	Konkan	Rice
90	21	32	6.43	35.9	54.26	187	Alluvial	Kharif	Konkan	Rice
90	19	35	6.11	34.18	50.62	187	Alluvial	Kharif	Konkan	Rice
90	21	34	5.07	30.02	53.19	187	Loamy	Kharif	Nashik	Tea
90	17	31	5.67	31.75	45.16	187	Alluvial	Kharif	Konkan	Rice
90	36	33	5.98	35.99	52.23	187	Alluvial	Kharif	Konkan	Rice
90	28	30	5.06	31.87	52.19	187	Loamy	Kharif	Nashik	Tea
90	19	27	4.77	27.76	52.35	187	Loamy	Kharif	Nashik	Tea
90	23	27	5.16	34.72	51.43	187	Loamy	Kharif	Nashik	Tea
90	30	34	6.8	27.54	53.64	187	Loamy	Kharif	Nashik	Wheat
90	27	30	6.39	27.7	48.56	187	Alluvial	Kharif	Konkan	Rice
90	19	31	5.57	27.25	52.66	187	Alluvial	Kharif	Konkan	Rice
90	28	33	5.76	30.34	48.89	187	Alluvial	Kharif	Konkan	Rice
90	38	32	5.42	31.86	45.53	187	Loamy	Kharif	Nashik	Tea
90	37	30	6.17	35.4	49.46	187	Alluvial	Kharif	Konkan	Rice
90	18	30	5.19	29.81	52.14	187	Loamy	Kharif	Nashik	Tea
90	16	35	4.95	34.16	54.16	187	Loamy	Kharif	Nashik	Tea
90	20	25	5.66	28.93	47.94	187	Alluvial	Kharif	Konkan	Rice
90	25	33	5.55	27.98	53.33	187	Alluvial	Kharif	Konkan	Rice
90	17	31	6.8	31.2	54.5	187	Loamy	Kharif	Nashik	Wheat
90	37	28	6.1	32.13	50.53	187	Alluvial	Kharif	Konkan	Rice
90	15	30	5.08	28.92	48.14	187	Loamy	Kharif	Nashik	Tea
90	37	30	4.55	31.1	47.41	187	Loamy	Kharif	Nashik	Tea
90	19	31	5.86	34.74	49.09	187	Alluvial	Kharif	Konkan	Rice
90	33	29	6.44	29.98	49.49	187	Alluvial	Kharif	Konkan	Rice
90	27	28	4.51	33.8	46.13	187	Loamy	Kharif	Nashik	Tea
90	16	25	6.11	30.07	50.96	187	Alluvial	Kharif	Konkan	Rice
90	36	31	6.48	27.92	51.78	187	Alluvial	Kharif	Konkan	Rice
90	29	34	6.83	31.41	49.22	187	Loamy	Kharif	Nashik	Wheat
90	31	26	5.4	35.79	51.94	187	Loamy	Kharif	Nashik	Tea
90	34	28	6.14	33.36	45.02	187	Alluvial	Kharif	Konkan	Rice
90	16	31	4.56	35.96	48.7	187	Loamy	Kharif	Nashik	Tea
90	30	29	6.43	28.33	51.4	187	Alluvial	Kharif	Konkan	Rice
90	35	31	5.32	32.28	50.19	187	Loamy	Kharif	Nashik	Tea
90	18	26	5.28	31.99	50.85	187	Loamy	Kharif	Nashik	Tea
90	40	26	6.72	27.58	48.57	187	Loamy	Kharif	Nashik	Wheat
90	29	34	5.73	29.38	45.89	187	Alluvial	Kharif	Konkan	Rice
90	38	33	4.69	32.39	53.23	187	Loamy	Kharif	Nashik	Tea
90	32	32	6.81	30.91	49.93	187	Loamy	Kharif	Nashik	Wheat
90	38	31	6.45	35.38	45.58	187	Alluvial	Kharif	Konkan	Rice
90	32	33	5.84	32.32	52.59	187	Alluvial	Kharif	Konkan	Rice
90	29	26	5.02	28.22	47.41	187	Loamy	Kharif	Nashik	Tea
90	34	35	6.42	27.27	47.17	187	Alluvial	Kharif	Konkan	Rice
90	19	32	4.94	27.11	50.71	187	Loamy	Kharif	Nashik	Tea
90	17	26	6.41	34.89	48.76	187	Alluvial	Kharif	Konkan	Rice
90	15	27	6.78	33.75	48.5	187	Loamy	Kharif	Nashik	Wheat
90	19	25	6.44	27.35	54.44	187	Alluvial	Kharif	Konkan	Rice
90	36	26	4.65	32.89	52.61	187	Loamy	Kharif	Nashik	Tea
90	31	32	5.25	35.39	51.43	187	Loamy	Kharif	Nashik	Tea
90	36	27	5.91	27.55	47.91	187	Alluvial	Kharif	Konkan	Rice
90	23	30	4.76	32.82	47.46	187	Loamy	Kharif	Nashik	Tea
90	26	26	6.81	30.17	51.08	187	Loamy	Kharif	Nashik	Wheat
90	33	35	5.34	29.26	54.82	187	Loamy	Kharif	Nashik	Tea
90	18	30	6.34	32.06	51.08	187	Alluvial	Kharif	Konkan	Rice
90	17	26	4.75	28.7	47.72	187	Loamy	Kharif	Nashik	Tea
90	34	32	6.83	29.14	49.41	187	Loamy	Kharif	Nashik	Wheat
90	35	28	6.97	28.35	53.54	187	Loamy	Kharif	Nashik	Wheat
90	28	26	4.95	27.67	45.42	187	Loamy	Kharif	Nashik	Tea
90	24	32	5.63	28.12	46.17	187	Alluvial	Kharif	Konkan	Rice
90	35	34	6.27	30.79	46.7	187	Alluvial	Kharif	Konkan	Rice
90	24	34	6.47	28.89	54.81	187	Alluvial	Kharif	Konkan	Rice
90	37	25	6.95	33.33	45.61	187	Loamy	Kharif	Nashik	Wheat
90	36	27	5.64	27.79	53.97	187	Alluvial	Kharif	Konkan	Rice
90	18	31	6.39	31.65	48.21	187	Alluvial	Kharif	Konkan	Rice
90	38	32	4.98	29.75	46.74	187	Loamy	Kharif	Nashik	Tea
90	31	34	5.42	31.33	50.22	187	Loamy	Kharif	Nashik	Tea
90	29	32	6.94	35.64	48.97	187	Loamy	Kharif	Nashik	Wheat
90	20	26	5.44	31.67	51.99	187	Loamy	Kharif	Nashik	Tea
90	21	32	5.87	32.27	53.56	187	Alluvial	Kharif	Konkan	Rice
90	30	27	4.75	27.81	51.59	187	Loamy	Kharif	Nashik	Tea
90	38	25	5.5	34.59	50.34	187	Loamy	Kharif	Nashik	Tea
90	24	34	6.81	31.27	52.24	187	Loamy	Kharif	Nashik	Wheat
90	36	29	6.46	33.94	52.72	187	Alluvial	Kharif	Konkan	Rice
90	18	35	4.79	31.09	47.02	187	Loamy	Kharif	Nashik	Tea
90	16	35	6.48	31.89	49.02	187	Alluvial	Kharif	Konkan	Rice
90	27	34	6.53	32.45	50.7	187	Loamy	Kharif	Nashik	Wheat
90	17	30	6.28	35.47	47.97	187	Alluvial	Kharif	Konkan	Rice
90	29	29	6.05	27.33	49.3	187	Alluvial	Kharif	Konkan	Rice
90	36	31	5.73	30.9	49.96	187	Alluvial	Kharif	Konkan	Rice
90	27	26	5.32	29.09	45.57	187	Loamy	Kharif	Nashik	Tea
90	28	35	4.67	30.02	46.78	187	Loamy	Kharif	Nashik	Tea
90	36	26	5.1	34.13	51.26	187	Loamy	Kharif	Nashik	Tea
90	35	31	5.34	33.45	53.06	187	Loamy	Kharif	Nashik	Tea
90	21	30	5.06	35.39	52.49	187	Loamy	Kharif	Nashik	Tea
90	38	31	5.82	31.53	53.06	187	Alluvial	Kharif	Konkan	Rice
90	18	31	5.96	30.76	47.94	187	Alluvial	Kharif	Konkan	Rice
90	23	28	5.68	30.02	50.1	187	Alluvial	Kharif	Konkan	Rice
90	31	27	6.52	31.33	47.59	187	Loamy	Kharif	Nashik	Wheat
90	34	26	6.27	33.88	54.39	187	Alluvial	Kharif	Konkan	Rice
90	37	33	6.13	28.08	54.96	187	Alluvial	Kharif	Konkan	Rice
90	16	27	4.93	35.54	52.95	187	Loamy	Kharif	Nashik	Tea
90	24	25	5.45	28.71	50.44	187	Loamy	Kharif	Nashik	Tea
90	38	26	4.53	31.48	48.78	187	Loamy	Kharif	Nashik	Tea
90	21	30	5.4	27.7	51.42	187	Loamy	Kharif	Nashik	Tea
90	18	33	6.62	30.41	52.48	187	Loamy	Kharif	Nashik	Wheat
90	20	30	6.21	32.18	54.01	187	Alluvial	Kharif	Konkan	Rice
90	26	31	5.42	32.61	47.75	187	Loamy	Kharif	Nashik	Tea
90	130	195	6.11	30	81.54	187	Alluvial	Kharif	Konkan	Rice
90	144	204	6.09	30.73	82.43	187	Alluvial	Kharif	Konkan	Rice
90	123	205	5.9	32.45	83.89	187	Alluvial	Kharif	Konkan	Rice
90	125	196	6.16	37.47	80.66	187	Alluvial	Kharif	Konkan	Rice
90	131	196	5.73	22.03	83.74	187	Alluvial	Kharif	Konkan	Rice
90	123	198	6.25	39.65	82.21	187	Alluvial	Kharif	Konkan	Rice
90	140	197	6.11	16.78	82.75	187	Alluvial	Kharif	Konkan	Rice
90	122	195	5.65	12.14	83.57	187	Alluvial	Kharif	Konkan	Rice
90	123	203	6.13	12.76	81.62	187	Alluvial	Kharif	Konkan	Rice
90	134	204	6.5	39.04	80.18	187	Alluvial	Kharif	Konkan	Rice
90	130	197	5.55	39.71	82.69	187	Alluvial	Kharif	Konkan	Rice
90	145	205	5.8	9.47	82.29	187	Alluvial	Kharif	Konkan	Rice
90	122	201	5.57	29.59	80.92	187	Alluvial	Kharif	Konkan	Rice
90	139	203	6.28	17.83	80.96	187	Alluvial	Kharif	Konkan	Rice
90	141	204	5.54	8.83	82.9	187	Alluvial	Kharif	Konkan	Rice
90	138	195	6.21	27.83	83.51	187	Alluvial	Kharif	Konkan	Rice
90	144	202	5.87	11.02	80.56	187	Alluvial	Kharif	Konkan	Rice
90	136	205	6.33	17.59	80.85	187	Alluvial	Kharif	Konkan	Rice
90	122	197	5.86	19.89	82.73	187	Alluvial	Kharif	Konkan	Rice
90	136	204	5.9	29.94	81.78	187	Alluvial	Kharif	Konkan	Rice
90	145	201	5.78	36.73	80.59	187	Alluvial	Kharif	Konkan	Rice
90	132	197	5.93	20.42	81.54	187	Alluvial	Kharif	Konkan	Rice
90	133	198	6.23	25.52	83.98	187	Alluvial	Kharif	Konkan	Rice
90	121	201	5.59	30.51	82.72	187	Alluvial	Kharif	Konkan	Rice
90	125	199	5.57	18.43	80.56	187	Alluvial	Kharif	Konkan	Rice
90	140	205	5.93	12.09	83.59	187	Alluvial	Kharif	Konkan	Rice
90	132	203	6.42	23.6	82.48	187	Alluvial	Kharif	Konkan	Rice
90	126	197	6.42	12.8	81.21	187	Alluvial	Kharif	Konkan	Rice
90	120	200	6.23	38.06	82.25	187	Alluvial	Kharif	Konkan	Rice
90	142	197	6	39.07	82.04	187	Alluvial	Kharif	Konkan	Rice
90	135	203	5.69	33.78	81.16	187	Alluvial	Kharif	Konkan	Rice
90	126	203	5.66	16.76	82	187	Alluvial	Kharif	Konkan	Rice
90	139	198	6.36	35.89	82.67	187	Alluvial	Kharif	Konkan	Rice
90	141	202	6.12	21.01	81.18	187	Alluvial	Kharif	Konkan	Rice
90	142	196	6.21	10.9	80.02	187	Alluvial	Kharif	Konkan	Rice
90	129	201	6.49	16.36	83	187	Alluvial	Kharif	Konkan	Rice
90	134	199	5.82	20.28	81.32	187	Alluvial	Kharif	Konkan	Rice
90	138	204	6.33	25.11	83.25	187	Alluvial	Kharif	Konkan	Rice
90	131	198	5.56	33.46	83.87	187	Alluvial	Kharif	Konkan	Rice
90	122	204	6.49	11.8	80.86	187	Alluvial	Kharif	Konkan	Rice
90	126	201	6.12	11.36	80.03	187	Alluvial	Kharif	Konkan	Rice
90	128	204	5.7	25.24	80.69	187	Alluvial	Kharif	Konkan	Rice
90	132	197	5.73	15.99	81.24	187	Alluvial	Kharif	Konkan	Rice
90	137	195	6.33	22.44	80.19	187	Alluvial	Kharif	Konkan	Rice
90	123	200	6.17	34.76	81.04	187	Alluvial	Kharif	Konkan	Rice
90	136	197	5.65	31.11	83.34	187	Alluvial	Kharif	Konkan	Rice
90	134	200	5.84	28.58	80.96	187	Alluvial	Kharif	Konkan	Rice
90	139	201	5.54	41.19	81.02	187	Alluvial	Kharif	Konkan	Rice
90	127	196	5.83	27.03	83.17	187	Alluvial	Kharif	Konkan	Rice
90	138	203	6.4	21.19	82.33	187	Alluvial	Kharif	Konkan	Rice
90	120	204	6.14	10.38	83.45	187	Alluvial	Kharif	Konkan	Rice
90	142	203	5.97	31.31	82.56	187	Alluvial	Kharif	Konkan	Rice
90	133	195	6.46	20.47	80.98	187	Alluvial	Kharif	Konkan	Rice
90	139	199	6.34	29.37	81.54	187	Alluvial	Kharif	Konkan	Rice
90	134	202	6.43	10.72	80.02	187	Alluvial	Kharif	Konkan	Rice
90	140	195	6.29	14.98	80.5	187	Alluvial	Kharif	Konkan	Rice
90	127	202	6.48	15.32	81.67	187	Alluvial	Kharif	Konkan	Rice
90	120	195	5.93	18.74	81.12	187	Alluvial	Kharif	Konkan	Rice
90	139	201	5.98	19.36	83.36	187	Alluvial	Kharif	Konkan	Rice
90	136	195	6.39	41.21	81.61	187	Alluvial	Kharif	Konkan	Rice
90	139	203	5.69	33.34	82.51	187	Alluvial	Kharif	Konkan	Rice
90	133	201	6	23.82	80.12	187	Alluvial	Kharif	Konkan	Rice
90	130	196	6.37	40.66	81.25	187	Alluvial	Kharif	Konkan	Rice
90	135	205	5.51	11.83	80.28	187	Alluvial	Kharif	Konkan	Rice
90	140	195	5.7	13.29	83.54	187	Alluvial	Kharif	Konkan	Rice
90	132	196	5.78	35.83	83.33	187	Alluvial	Kharif	Konkan	Rice
90	121	199	6.32	26.18	81.04	187	Alluvial	Kharif	Konkan	Rice
90	132	202	5.97	24.58	80.71	187	Alluvial	Kharif	Konkan	Rice
90	142	203	5.89	29.67	83.71	187	Alluvial	Kharif	Konkan	Rice
90	121	199	6.13	39.37	81.25	187	Alluvial	Kharif	Konkan	Rice
90	140	205	6.31	17.67	82.93	187	Alluvial	Kharif	Konkan	Rice
90	120	196	6.05	24.07	82.66	187	Alluvial	Kharif	Konkan	Rice
90	133	202	5.8	15.31	80.1	187	Alluvial	Kharif	Konkan	Rice
90	135	199	6.4	21.77	80.55	187	Alluvial	Kharif	Konkan	Rice
90	145	199	5.95	26.92	80.77	187	Alluvial	Kharif	Konkan	Rice
90	136	201	5.61	41.66	82.22	187	Alluvial	Kharif	Konkan	Rice
90	129	195	5.78	17.99	81.18	187	Alluvial	Kharif	Konkan	Rice
90	130	201	5.68	29.12	82.79	187	Alluvial	Kharif	Konkan	Rice
90	129	203	5.86	34.39	83.18	187	Alluvial	Kharif	Konkan	Rice
90	135	203	6.44	41.36	82.8	187	Alluvial	Kharif	Konkan	Rice
90	120	205	5.55	35.12	82.27	187	Alluvial	Kharif	Konkan	Rice
90	125	204	6.11	19.65	80.15	187	Alluvial	Kharif	Konkan	Rice
90	132	200	5.62	16.28	82.94	187	Alluvial	Kharif	Konkan	Rice
90	140	203	6.35	21.12	80.63	187	Alluvial	Kharif	Konkan	Rice
90	145	202	6.48	19.21	82.9	187	Alluvial	Kharif	Konkan	Rice
90	128	200	5.84	25.96	82.58	187	Alluvial	Kharif	Konkan	Rice
90	139	199	6.29	25.67	81.62	187	Alluvial	Kharif	Konkan	Rice
90	122	196	5.64	41.95	81.16	187	Alluvial	Kharif	Konkan	Rice
90	144	197	6.42	11.19	80.81	187	Alluvial	Kharif	Konkan	Rice
90	120	197	6.32	17.54	82.95	187	Alluvial	Kharif	Konkan	Rice
90	141	198	5.76	13.06	80.28	187	Alluvial	Kharif	Konkan	Rice
90	121	203	6.16	9.72	83.75	187	Alluvial	Kharif	Konkan	Rice
90	125	204	5.73	27.92	82.93	187	Alluvial	Kharif	Konkan	Rice
90	138	197	5.91	9.54	80.73	187	Alluvial	Kharif	Konkan	Rice
90	124	204	6.36	13.43	80.07	187	Alluvial	Kharif	Konkan	Rice
90	138	200	5.97	9.85	80.23	187	Alluvial	Kharif	Konkan	Rice
90	143	201	6.48	24.97	82.73	187	Alluvial	Kharif	Konkan	Rice
90	142	202	6.22	27.24	82.95	187	Alluvial	Kharif	Konkan	Rice
90	124	195	6.21	18.71	83.48	187	Alluvial	Kharif	Konkan	Rice
90	134	204	5.84	9.95	82.55	187	Alluvial	Kharif	Konkan	Rice
90	25	51	6.28	26.47	80.92	187	Alluvial	Kharif	Konkan	Rice
90	19	55	6.82	25.19	83.45	187	Loamy	Kharif	Nashik	Wheat
90	30	50	6.38	25.3	81.78	187	Alluvial	Kharif	Konkan	Rice
90	8	50	6.58	24.75	88.31	187	Loamy	Kharif	Nashik	Wheat
90	22	52	6.93	26.59	81.33	187	Loamy	Kharif	Nashik	Wheat
90	26	55	6.14	24.53	88.99	187	Alluvial	Kharif	Konkan	Rice
90	27	45	6.47	26.07	88.73	187	Alluvial	Kharif	Konkan	Rice
90	22	53	6.85	25.97	89.77	187	Loamy	Kharif	Nashik	Wheat
90	22	45	6.51	26.22	85.35	187	Loamy	Kharif	Nashik	Wheat
90	13	54	6.04	24.41	89.82	187	Alluvial	Kharif	Konkan	Rice
90	25	53	6.06	26.49	80.05	187	Alluvial	Kharif	Konkan	Rice
90	15	47	6.42	24.04	84.18	187	Alluvial	Kharif	Konkan	Rice
90	10	47	6.94	25.54	83.32	187	Loamy	Kharif	Nashik	Wheat
90	9	50	6.25	26.75	83.92	187	Alluvial	Kharif	Konkan	Rice
90	17	46	6.19	25.71	80.23	187	Alluvial	Kharif	Konkan	Rice
90	12	51	6.68	25.76	84.17	187	Loamy	Kharif	Nashik	Wheat
90	14	52	6.51	26.79	89.65	187	Loamy	Kharif	Nashik	Wheat
90	21	55	6.77	24.9	89.74	187	Loamy	Kharif	Nashik	Wheat
90	18	50	6.43	26.81	88.23	187	Alluvial	Kharif	Konkan	Rice
90	17	51	6.21	25.11	80.03	187	Alluvial	Kharif	Konkan	Rice
90	14	50	6.42	26.21	87.69	187	Alluvial	Kharif	Konkan	Rice
90	8	52	6.24	24.91	86.97	187	Alluvial	Kharif	Konkan	Rice
90	19	49	6.76	25.79	84.27	187	Loamy	Kharif	Nashik	Wheat
90	16	55	6.61	25.27	87.55	187	Loamy	Kharif	Nashik	Wheat
90	29	52	6.7	25.76	87.59	187	Loamy	Kharif	Nashik	Wheat
90	9	45	6.05	25.85	89.13	187	Alluvial	Kharif	Konkan	Rice
90	21	50	6.76	24.34	81.44	187	Loamy	Kharif	Nashik	Wheat
90	5	54	6.65	25.38	80.99	187	Loamy	Kharif	Nashik	Wheat
90	28	54	6.74	24.86	85.05	187	Loamy	Kharif	Nashik	Wheat
90	29	51	6.1	24.72	88.95	187	Alluvial	Kharif	Konkan	Rice
90	15	45	6.54	24.21	84.21	187	Loamy	Kharif	Nashik	Wheat
90	21	48	6.38	25.82	82.04	187	Alluvial	Kharif	Konkan	Rice
90	14	45	6.42	24.47	84.16	187	Alluvial	Kharif	Konkan	Rice
90	5	47	6.65	24.13	84.84	187	Loamy	Kharif	Nashik	Wheat
90	8	51	6.26	26.18	86.52	187	Alluvial	Kharif	Konkan	Rice
90	22	46	6.12	26.18	86.73	187	Alluvial	Kharif	Konkan	Rice
90	7	55	6.03	26.04	84.64	187	Alluvial	Kharif	Konkan	Rice
90	27	48	6.84	26.53	82.39	187	Loamy	Kharif	Nashik	Wheat
90	10	53	6.55	26.82	87.83	187	Loamy	Kharif	Nashik	Wheat
90	16	46	6.94	25.5	81.4	187	Loamy	Kharif	Nashik	Wheat
90	18	52	6.88	26.2	80.38	187	Loamy	Kharif	Nashik	Wheat
90	7	53	6.46	25.14	89.28	187	Alluvial	Kharif	Konkan	Rice
90	6	53	6.92	25.92	83.47	187	Loamy	Kharif	Nashik	Wheat
90	5	52	6.88	26.66	89.98	187	Loamy	Kharif	Nashik	Wheat
90	16	49	6.92	24.07	81.64	187	Loamy	Kharif	Nashik	Wheat
90	20	48	6.21	24.68	82.75	187	Alluvial	Kharif	Konkan	Rice
90	25	47	6.3	26.11	87.64	187	Alluvial	Kharif	Konkan	Rice
90	7	51	6.4	26.82	87.66	187	Alluvial	Kharif	Konkan	Rice
90	28	54	6.86	25.16	80.28	187	Loamy	Kharif	Nashik	Wheat
90	25	52	6.22	25.28	83.15	187	Alluvial	Kharif	Konkan	Rice
90	25	50	6.09	26.22	80.9	187	Alluvial	Kharif	Konkan	Rice
90	16	45	6.29	24.92	80.62	187	Alluvial	Kharif	Konkan	Rice
90	12	46	6.32	26.22	81.01	187	Alluvial	Kharif	Konkan	Rice
90	23	49	6.87	26.81	87.22	187	Loamy	Kharif	Nashik	Wheat
90	25	51	6.07	24.31	87.47	187	Alluvial	Kharif	Konkan	Rice
90	28	46	6.5	24.29	88.05	187	Alluvial	Kharif	Konkan	Rice
90	21	51	6.68	24.43	86.34	187	Loamy	Kharif	Nashik	Wheat
90	20	45	6.11	25.67	88.7	187	Alluvial	Kharif	Konkan	Rice
90	7	52	6.41	25.08	83.46	187	Alluvial	Kharif	Konkan	Rice
90	6	55	6.11	24.89	85.87	187	Alluvial	Kharif	Konkan	Rice
90	13	54	6.83	25.43	82.91	187	Loamy	Kharif	Nashik	Wheat
90	17	55	6.45	24.37	87.13	187	Alluvial	Kharif	Konkan	Rice
90	6	53	6.31	26.49	88.59	187	Alluvial	Kharif	Konkan	Rice
90	10	49	6.76	25.83	89	187	Loamy	Kharif	Nashik	Wheat
90	11	46	6.62	24.42	89.4	187	Loamy	Kharif	Nashik	Wheat
90	25	52	6.13	24.37	81.25	187	Alluvial	Kharif	Konkan	Rice
90	7	47	6.65	24.25	83.04	187	Loamy	Kharif	Nashik	Wheat
90	12	46	6.34	24.64	85.5	187	Alluvial	Kharif	Konkan	Rice
90	22	52	6.22	24.9	86.11	187	Alluvial	Kharif	Konkan	Rice
90	19	46	6.29	25.42	81.12	187	Alluvial	Kharif	Konkan	Rice
90	22	50	6.77	26.26	86.15	187	Loamy	Kharif	Nashik	Wheat
90	30	50	6.74	24.9	87.21	187	Loamy	Kharif	Nashik	Wheat
90	14	52	6.39	24.85	89.2	187	Alluvial	Kharif	Konkan	Rice
90	23	47	6.77	26.98	86.7	187	Loamy	Kharif	Nashik	Wheat
90	16	45	6.73	26.9	86.25	187	Loamy	Kharif	Nashik	Wheat
90	5	47	6.66	25.86	86.67	187	Loamy	Kharif	Nashik	Wheat
90	7	45	6.94	26.71	81.14	187	Loamy	Kharif	Nashik	Wheat
90	18	50	6.51	26.44	80.92	187	Loamy	Kharif	Nashik	Wheat
90	5	55	6.52	26.28	84.42	187	Loamy	Kharif	Nashik	Wheat
90	23	51	6.11	26.84	83.85	187	Alluvial	Kharif	Konkan	Rice
90	30	50	6.28	26.04	83.99	187	Alluvial	Kharif	Konkan	Rice
90	10	53	6.2	24.93	85.01	187	Alluvial	Kharif	Konkan	Rice
90	11	51	6.79	25.51	84.24	187	Loamy	Kharif	Nashik	Wheat
90	21	55	6.47	25.44	87.94	187	Alluvial	Kharif	Konkan	Rice
90	6	45	6	26.13	86.55	187	Alluvial	Kharif	Konkan	Rice
90	20	55	6.59	25.1	87.53	187	Loamy	Kharif	Nashik	Wheat
90	7	48	6.96	26.28	86.63	187	Loamy	Kharif	Nashik	Wheat
90	24	55	6.26	26.27	83.09	187	Alluvial	Kharif	Konkan	Rice
90	21	54	6.75	26.74	87.82	187	Loamy	Kharif	Nashik	Wheat
90	25	51	6.93	25.05	85.57	187	Loamy	Kharif	Nashik	Wheat
90	25	54	6.35	24.69	85.57	187	Alluvial	Kharif	Konkan	Rice
90	10	53	6.21	24.54	84.61	187	Alluvial	Kharif	Konkan	Rice
90	22	54	6.28	25.9	81.97	187	Alluvial	Kharif	Konkan	Rice
90	14	50	6.56	26.63	84.32	187	Loamy	Kharif	Nashik	Wheat
90	30	49	6.9	25.36	80.46	187	Loamy	Kharif	Nashik	Wheat
90	12	47	6.77	25.29	89.64	187	Loamy	Kharif	Nashik	Wheat
90	7	45	6.19	26.64	84.7	187	Alluvial	Kharif	Konkan	Rice
90	18	50	6.9	25.33	84.31	187	Loamy	Kharif	Nashik	Wheat
90	23	55	6.46	26.9	83.89	187	Alluvial	Kharif	Konkan	Rice
90	24	47	6.26	26.99	89.41	187	Alluvial	Kharif	Konkan	Rice
90	17	55	6.78	27.58	94.12	187	Loamy	Kharif	Nashik	Wheat
90	27	48	6.53	27.82	93.04	187	Loamy	Kharif	Nashik	Wheat
90	25	52	6.75	29.1	94.22	187	Loamy	Kharif	Nashik	Wheat
90	18	52	6.56	28.05	90.83	187	Loamy	Kharif	Nashik	Wheat
90	26	45	6.12	29.92	94.56	187	Alluvial	Kharif	Konkan	Rice
90	25	49	6.08	29.87	93.25	187	Alluvial	Kharif	Konkan	Rice
90	24	53	6.29	29.17	92.21	187	Alluvial	Kharif	Konkan	Rice
90	30	51	6.07	29.25	90.07	187	Alluvial	Kharif	Konkan	Rice
90	6	52	6.74	27.76	90.36	187	Loamy	Kharif	Nashik	Wheat
90	26	52	6.2	28.83	94.27	187	Alluvial	Kharif	Konkan	Rice
90	30	48	6.04	28.52	92.1	187	Alluvial	Kharif	Konkan	Rice
90	9	52	6.02	29.07	90.98	187	Alluvial	Kharif	Konkan	Rice
90	7	45	6.7	29.08	90.74	187	Loamy	Kharif	Nashik	Wheat
90	21	55	6.49	28.47	94.79	187	Alluvial	Kharif	Konkan	Rice
90	26	45	6.22	28.28	90.39	187	Alluvial	Kharif	Konkan	Rice
90	27	55	6.16	28.47	91.21	187	Alluvial	Kharif	Konkan	Rice
90	5	55	6.17	29.69	94.3	187	Alluvial	Kharif	Konkan	Rice
90	14	51	6.09	27.02	91.67	187	Alluvial	Kharif	Konkan	Rice
90	18	48	6.16	29.1	94.17	187	Alluvial	Kharif	Konkan	Rice
90	14	48	6.61	29.69	92.59	187	Loamy	Kharif	Nashik	Wheat
90	9	53	6.45	28.21	92.87	187	Alluvial	Kharif	Konkan	Rice
90	6	53	6.11	29.05	93.92	187	Alluvial	Kharif	Konkan	Rice
90	12	46	6.56	29.57	93.62	187	Loamy	Kharif	Nashik	Wheat
90	13	47	6.14	29.11	92.44	187	Alluvial	Kharif	Konkan	Rice
90	25	50	6.1	28.2	92.91	187	Alluvial	Kharif	Konkan	Rice
90	25	53	6.41	29.12	92.13	187	Alluvial	Kharif	Konkan	Rice
90	21	52	6.08	29.63	90.1	187	Alluvial	Kharif	Konkan	Rice
90	25	55	6.12	29.81	90.37	187	Alluvial	Kharif	Konkan	Rice
90	24	54	6.7	27.72	90.94	187	Loamy	Kharif	Nashik	Wheat
90	25	50	6.09	29.26	92.92	187	Alluvial	Kharif	Konkan	Rice
90	17	48	6.37	29.73	94.3	187	Alluvial	Kharif	Konkan	Rice
90	25	54	6.43	28.91	90.78	187	Alluvial	Kharif	Konkan	Rice
90	25	51	6.47	28.96	93.88	187	Alluvial	Kharif	Konkan	Rice
90	11	54	6.09	28.59	91.34	187	Alluvial	Kharif	Konkan	Rice
90	26	52	6.15	27.34	90.7	187	Alluvial	Kharif	Konkan	Rice
90	17	52	6.65	29.9	90.75	187	Loamy	Kharif	Nashik	Wheat
90	25	46	6.38	27.43	90.03	187	Alluvial	Kharif	Konkan	Rice
90	8	46	6.73	29.56	90.71	187	Loamy	Kharif	Nashik	Wheat
90	13	46	6.13	29.84	93.76	187	Alluvial	Kharif	Konkan	Rice
90	22	47	6.16	28.54	91.73	187	Alluvial	Kharif	Konkan	Rice
90	13	52	6.44	27.12	94.87	187	Alluvial	Kharif	Konkan	Rice
90	23	55	6.73	27.84	91.61	187	Loamy	Kharif	Nashik	Wheat
90	22	47	6.24	29.03	91.82	187	Alluvial	Kharif	Konkan	Rice
90	23	45	6.27	27.82	90.57	187	Alluvial	Kharif	Konkan	Rice
90	10	49	6.35	27.73	92.01	187	Alluvial	Kharif	Konkan	Rice
90	12	52	6	28.7	94.31	187	Alluvial	Kharif	Konkan	Rice
90	20	51	6.34	29.73	90.97	187	Alluvial	Kharif	Konkan	Rice
90	11	53	6.16	29.54	92.92	187	Alluvial	Kharif	Konkan	Rice
90	19	55	6.12	28.8	91.78	187	Alluvial	Kharif	Konkan	Rice
90	26	49	6.13	27.29	90.53	187	Alluvial	Kharif	Konkan	Rice
90	20	48	6.44	27.47	94.88	187	Alluvial	Kharif	Konkan	Rice
90	17	47	6.19	29.49	94.73	187	Alluvial	Kharif	Konkan	Rice
90	7	45	6.16	27.79	92.51	187	Alluvial	Kharif	Konkan	Rice
90	22	48	6.78	29.13	91.52	187	Loamy	Kharif	Nashik	Wheat
90	21	47	6.43	27.93	93.56	187	Alluvial	Kharif	Konkan	Rice
90	12	48	6.71	29.46	92.13	187	Loamy	Kharif	Nashik	Wheat
90	12	47	6.01	27.97	92.17	187	Alluvial	Kharif	Konkan	Rice
90	14	49	6.37	29.49	91.08	187	Alluvial	Kharif	Konkan	Rice
90	9	47	6.67	29.47	90.77	187	Loamy	Kharif	Nashik	Wheat
90	16	46	6.75	27.08	90.14	187	Loamy	Kharif	Nashik	Wheat
90	7	45	6.03	27.3	90.8	187	Alluvial	Kharif	Konkan	Rice
90	6	45	6.4	29.83	90.79	187	Alluvial	Kharif	Konkan	Rice
90	20	50	6.45	29.93	93.23	187	Alluvial	Kharif	Konkan	Rice
90	29	49	6.25	29.94	93.91	187	Alluvial	Kharif	Konkan	Rice
90	5	47	6.27	28.03	91.47	187	Alluvial	Kharif	Konkan	Rice
90	5	52	6.14	29.88	94.04	187	Alluvial	Kharif	Konkan	Rice
90	15	54	6.19	27.71	92.91	187	Alluvial	Kharif	Konkan	Rice
90	11	47	6.33	29.79	94.65	187	Alluvial	Kharif	Konkan	Rice
90	15	48	6.21	28.58	92.87	187	Alluvial	Kharif	Konkan	Rice
90	30	52	6.64	29.48	90.34	187	Loamy	Kharif	Nashik	Wheat
90	12	52	6.69	27.51	94.96	187	Loamy	Kharif	Nashik	Wheat
90	25	50	6.33	28.05	94.82	187	Alluvial	Kharif	Konkan	Rice
90	11	45	6.36	29.03	93.13	187	Alluvial	Kharif	Konkan	Rice
90	5	55	6.09	28.59	91.89	187	Alluvial	Kharif	Konkan	Rice
90	18	46	6.78	27.09	93.42	187	Loamy	Kharif	Nashik	Wheat
90	22	54	6.63	28	90.85	187	Loamy	Kharif	Nashik	Wheat
90	18	52	6.48	27.87	91.15	187	Alluvial	Kharif	Konkan	Rice
90	18	45	6.57	28.97	90.72	187	Loamy	Kharif	Nashik	Wheat
90	28	48	6.17	28.88	92.49	187	Alluvial	Kharif	Konkan	Rice
90	18	53	6.01	29.17	94.2	187	Alluvial	Kharif	Konkan	Rice
90	20	54	6.54	29.34	90.02	187	Loamy	Kharif	Nashik	Wheat
90	22	47	6.34	29.07	91.92	187	Alluvial	Kharif	Konkan	Rice
90	25	54	6.15	28.68	92.51	187	Alluvial	Kharif	Konkan	Rice
90	15	49	6.44	28.93	91.39	187	Alluvial	Kharif	Konkan	Rice
90	16	51	6.55	28	91.64	187	Loamy	Kharif	Nashik	Wheat
90	5	50	6.4	27.59	91.8	187	Alluvial	Kharif	Konkan	Rice
90	21	47	6.19	29.87	90.61	187	Alluvial	Kharif	Konkan	Rice
90	23	54	6.16	28.56	90.46	187	Alluvial	Kharif	Konkan	Rice
90	29	55	6.66	29.19	91.46	187	Loamy	Kharif	Nashik	Wheat
90	11	47	6.5	27.99	92.78	187	Loamy	Kharif	Nashik	Wheat
90	18	51	6.71	28.05	91.82	187	Loamy	Kharif	Nashik	Wheat
90	21	52	6.07	27.35	94.29	187	Alluvial	Kharif	Konkan	Rice
90	8	52	6.42	29.34	94.55	187	Alluvial	Kharif	Konkan	Rice
90	6	46	6.4	28.61	94.22	187	Alluvial	Kharif	Konkan	Rice
90	25	50	6.38	27.05	91.35	187	Alluvial	Kharif	Konkan	Rice
90	13	55	6.7	29.53	94.57	187	Loamy	Kharif	Nashik	Wheat
90	26	47	6.57	28.5	93.47	187	Loamy	Kharif	Nashik	Wheat
90	21	52	6.29	28.9	94.79	187	Alluvial	Kharif	Konkan	Rice
90	15	52	6.45	27.05	91.38	187	Alluvial	Kharif	Konkan	Rice
90	16	54	6.59	28.96	91.7	187	Loamy	Kharif	Nashik	Wheat
90	128	196	5.52	22.75	90.69	187	Alluvial	Kharif	Konkan	Rice
90	144	197	6.13	23.85	94.35	187	Alluvial	Kharif	Konkan	Rice
90	128	205	6.23	22.61	94.59	187	Alluvial	Kharif	Konkan	Rice
90	120	201	6.32	21.19	91.13	187	Alluvial	Kharif	Konkan	Rice
90	129	201	5.59	23.41	91.7	187	Alluvial	Kharif	Konkan	Rice
90	137	204	5.82	22.86	93.13	187	Alluvial	Kharif	Konkan	Rice
90	139	205	5.77	22.48	93.41	187	Alluvial	Kharif	Konkan	Rice
90	123	205	5.79	22.03	92.96	187	Alluvial	Kharif	Konkan	Rice
90	144	196	6.5	21.91	91.69	187	Alluvial	Kharif	Konkan	Rice
90	124	199	5.66	23.71	93.27	187	Alluvial	Kharif	Konkan	Rice
90	122	197	5.57	21.38	92.72	187	Alluvial	Kharif	Konkan	Rice
90	121	196	6.08	22.85	94.32	187	Alluvial	Kharif	Konkan	Rice
90	126	204	6.38	23.11	92.8	187	Alluvial	Kharif	Konkan	Rice
90	139	199	5.87	23.25	94.54	187	Alluvial	Kharif	Konkan	Rice
90	133	200	5.71	23.67	90.49	187	Alluvial	Kharif	Konkan	Rice
90	143	199	5.8	23.77	90.6	187	Alluvial	Kharif	Konkan	Rice
90	140	198	6.28	23.34	91.48	187	Alluvial	Kharif	Konkan	Rice
90	137	199	5.7	22.64	90.18	187	Alluvial	Kharif	Konkan	Rice
90	121	203	5.61	22.46	94.76	187	Alluvial	Kharif	Konkan	Rice
90	144	195	5.86	22.96	93.58	187	Alluvial	Kharif	Konkan	Rice
90	128	205	6.04	21.07	93.57	187	Alluvial	Kharif	Konkan	Rice
90	128	198	5.69	22.44	92.71	187	Alluvial	Kharif	Konkan	Rice
90	143	196	5.67	22.71	90.45	187	Alluvial	Kharif	Konkan	Rice
90	140	198	5.75	21.7	93.44	187	Alluvial	Kharif	Konkan	Rice
90	144	204	5.8	22.43	92.49	187	Alluvial	Kharif	Konkan	Rice
90	141	203	5.82	21.26	92.84	187	Alluvial	Kharif	Konkan	Rice
90	144	197	6.28	22.92	94.9	187	Alluvial	Kharif	Konkan	Rice
90	143	198	6.03	22.81	91.52	187	Alluvial	Kharif	Konkan	Rice
90	137	200	5.64	21.12	90.69	187	Alluvial	Kharif	Konkan	Rice
90	144	198	5.56	21.11	90.32	187	Alluvial	Kharif	Konkan	Rice
90	126	196	5.6	23.6	90.98	187	Alluvial	Kharif	Konkan	Rice
90	120	203	5.89	23.13	94.71	187	Alluvial	Kharif	Konkan	Rice
90	143	197	5.88	22.98	93.32	187	Alluvial	Kharif	Konkan	Rice
90	141	201	6.39	22.13	90.98	187	Alluvial	Kharif	Konkan	Rice
90	142	202	5.71	22.54	91.48	187	Alluvial	Kharif	Konkan	Rice
90	138	195	5.8	22.49	91.7	187	Alluvial	Kharif	Konkan	Rice
90	125	204	6.05	22.36	94.48	187	Alluvial	Kharif	Konkan	Rice
90	121	196	6.44	22.21	93.51	187	Alluvial	Kharif	Konkan	Rice
90	122	202	5.62	22.45	94.74	187	Alluvial	Kharif	Konkan	Rice
90	123	202	6.44	22.77	92.12	187	Alluvial	Kharif	Konkan	Rice
90	121	201	6.16	22.19	90.03	187	Alluvial	Kharif	Konkan	Rice
90	137	196	5.81	23.61	91.7	187	Alluvial	Kharif	Konkan	Rice
90	135	198	5.77	23.86	94.92	187	Alluvial	Kharif	Konkan	Rice
90	144	205	6.18	21.42	92.63	187	Alluvial	Kharif	Konkan	Rice
90	123	205	5.74	22.37	90.79	187	Alluvial	Kharif	Konkan	Rice
90	133	199	5.82	24	91.61	187	Alluvial	Kharif	Konkan	Rice
90	130	198	5.55	21.8	92.73	187	Alluvial	Kharif	Konkan	Rice
90	143	200	6.02	23.8	92.8	187	Alluvial	Kharif	Konkan	Rice
90	143	204	5.63	23.71	91.53	187	Alluvial	Kharif	Konkan	Rice
90	122	202	5.81	23.34	90.38	187	Alluvial	Kharif	Konkan	Rice
90	125	196	5.73	22.31	90.04	187	Alluvial	Kharif	Konkan	Rice
90	139	202	5.67	23.5	92.21	187	Alluvial	Kharif	Konkan	Rice
90	123	198	5.68	23.46	91.46	187	Alluvial	Kharif	Konkan	Rice
90	136	200	6.25	23.06	92.4	187	Alluvial	Kharif	Konkan	Rice
90	131	199	6.02	22.47	91.23	187	Alluvial	Kharif	Konkan	Rice
90	140	197	5.53	22.7	92.82	187	Alluvial	Kharif	Konkan	Rice
90	138	201	5.95	23.67	93.9	187	Alluvial	Kharif	Konkan	Rice
90	127	204	6.13	22.5	92.46	187	Alluvial	Kharif	Konkan	Rice
90	145	203	6.41	23.83	90.84	187	Alluvial	Kharif	Konkan	Rice
90	139	205	6.16	23.64	93.74	187	Alluvial	Kharif	Konkan	Rice
90	126	195	5.88	21.41	92.99	187	Alluvial	Kharif	Konkan	Rice
90	136	202	5.94	22.85	94.58	187	Alluvial	Kharif	Konkan	Rice
90	124	200	5.97	22.98	93.85	187	Alluvial	Kharif	Konkan	Rice
90	138	200	5.67	21.2	90.81	187	Alluvial	Kharif	Konkan	Rice
90	136	196	5.88	23.87	90.5	187	Alluvial	Kharif	Konkan	Rice
90	134	205	6.09	21.04	94.34	187	Alluvial	Kharif	Konkan	Rice
90	143	197	5.9	22.62	93.52	187	Alluvial	Kharif	Konkan	Rice
90	120	200	6.11	21.45	90.75	187	Alluvial	Kharif	Konkan	Rice
90	145	205	6.21	22.81	92.13	187	Alluvial	Kharif	Konkan	Rice
90	141	197	6.14	21.98	91.13	187	Alluvial	Kharif	Konkan	Rice
90	123	204	6.37	22.53	92.55	187	Alluvial	Kharif	Konkan	Rice
90	136	195	6.26	22.36	91.92	187	Alluvial	Kharif	Konkan	Rice
90	136	204	6.28	21.2	92.16	187	Alluvial	Kharif	Konkan	Rice
90	141	195	5.51	23.88	93.45	187	Alluvial	Kharif	Konkan	Rice
90	129	201	5.68	22.78	94.37	187	Alluvial	Kharif	Konkan	Rice
90	138	197	5.83	22.19	92.44	187	Alluvial	Kharif	Konkan	Rice
90	137	200	5.6	22.91	90.7	187	Alluvial	Kharif	Konkan	Rice
90	132	204	6.1	23.09	90.23	187	Alluvial	Kharif	Konkan	Rice
90	139	197	6.06	21.72	92.84	187	Alluvial	Kharif	Konkan	Rice
90	125	203	6.16	22.44	91.59	187	Alluvial	Kharif	Konkan	Rice
90	143	204	5.81	21.13	91.96	187	Alluvial	Kharif	Konkan	Rice
90	144	196	5.99	22.72	92.25	187	Alluvial	Kharif	Konkan	Rice
90	143	197	5.57	23.75	92.88	187	Alluvial	Kharif	Konkan	Rice
90	135	203	5.97	23.76	93.66	187	Alluvial	Kharif	Konkan	Rice
90	130	196	6.06	22.13	94.68	187	Alluvial	Kharif	Konkan	Rice
90	142	203	5.9	21.17	90.24	187	Alluvial	Kharif	Konkan	Rice
90	129	205	6.12	22.36	91.16	187	Alluvial	Kharif	Konkan	Rice
90	135	203	5.62	22.78	92.7	187	Alluvial	Kharif	Konkan	Rice
90	145	205	5.52	21.23	90.1	187	Alluvial	Kharif	Konkan	Rice
90	121	201	5.73	23.16	90.34	187	Alluvial	Kharif	Konkan	Rice
90	131	203	5.89	22.43	93.92	187	Alluvial	Kharif	Konkan	Rice
90	140	195	5.56	23.64	90.95	187	Alluvial	Kharif	Konkan	Rice
90	138	198	6.22	22.29	90.69	187	Alluvial	Kharif	Konkan	Rice
90	140	197	6.07	23.35	90.9	187	Alluvial	Kharif	Konkan	Rice
90	145	195	6.23	22.04	94.58	187	Alluvial	Kharif	Konkan	Rice
90	120	197	5.89	23.81	92.49	187	Alluvial	Kharif	Konkan	Rice
90	132	198	5.73	22.32	90.85	187	Alluvial	Kharif	Konkan	Rice
90	137	196	6.4	22.14	93.83	187	Alluvial	Kharif	Konkan	Rice
90	144	196	6.5	23.65	94.51	187	Alluvial	Kharif	Konkan	Rice
90	140	197	6.23	22.17	90.27	187	Alluvial	Kharif	Konkan	Rice
90	30	12	6.35	15.78	92.51	187	Alluvial	Kharif	Konkan	Rice
90	6	13	7.51	26.03	91.51	187	Black	Kharif	Vidarbha	Cotton
90	13	6	7.34	13.36	91.36	187	Loamy	Kharif	Nashik	Wheat
90	16	9	7.81	18.88	92.04	187	Black	Kharif	Vidarbha	Cotton
90	7	9	7.13	29.48	91.58	187	Loamy	Kharif	Nashik	Wheat
90	27	10	6.08	28.07	92.91	187	Alluvial	Kharif	Konkan	Rice
90	23	15	7.41	25.67	92.05	187	Loamy	Kharif	Nashik	Wheat
90	18	14	7.21	29.77	92.01	187	Loamy	Kharif	Nashik	Wheat
90	24	14	7.19	30.55	90.9	187	Loamy	Kharif	Nashik	Wheat
90	23	6	7.37	23.96	90.26	187	Loamy	Kharif	Nashik	Wheat
90	17	15	7.46	23.98	91.55	187	Loamy	Kharif	Nashik	Wheat
90	12	8	6.82	25.26	90.31	187	Loamy	Kharif	Nashik	Wheat
90	9	12	7.03	31.08	90.14	187	Loamy	Kharif	Nashik	Wheat
90	7	10	6.12	14.78	91.22	187	Alluvial	Kharif	Konkan	Rice
90	18	6	6.29	26.57	94.45	187	Alluvial	Kharif	Konkan	Rice
90	11	8	6.56	24.86	94.39	187	Loamy	Kharif	Nashik	Wheat
90	8	7	7.16	34.51	93.64	187	Loamy	Kharif	Nashik	Wheat
90	17	5	6.95	24.12	90.72	187	Loamy	Kharif	Nashik	Wheat
90	5	8	7.47	23.85	90.11	187	Loamy	Kharif	Nashik	Wheat
90	8	9	7.6	24.6	91.28	187	Black	Kharif	Vidarbha	Cotton
90	13	6	7.56	15.63	94.26	187	Black	Kharif	Vidarbha	Cotton
90	25	14	6.36	19.34	91.98	187	Alluvial	Kharif	Konkan	Rice
90	7	10	6.93	28.26	91.98	187	Loamy	Kharif	Nashik	Wheat
90	23	5	7.48	22.68	93.36	187	Loamy	Kharif	Nashik	Wheat
90	14	8	7.68	21.03	92.96	187	Black	Kharif	Vidarbha	Cotton
90	7	15	7.83	33.23	91.06	187	Black	Kharif	Vidarbha	Cotton
90	29	12	6.44	22.3	92.16	187	Alluvial	Kharif	Konkan	Rice
90	14	5	6.95	11.5	94.89	187	Loamy	Kharif	Nashik	Wheat
90	8	15	7.99	14.34	94.36	187	Black	Kharif	Vidarbha	Cotton
90	18	14	7.43	33.11	93.48	187	Loamy	Kharif	Nashik	Wheat
90	25	14	7.78	30.49	90.46	187	Black	Kharif	Vidarbha	Cotton
90	12	15	6.05	30.26	92.03	187	Alluvial	Kharif	Konkan	Rice
90	16	6	7.11	12.23	90.26	187	Loamy	Kharif	Nashik	Wheat
90	14	8	6.22	10.01	90.22	187	Alluvial	Kharif	Konkan	Rice
90	7	8	6.42	22.79	90.61	187	Alluvial	Kharif	Konkan	Rice
90	12	7	6.97	20.18	90.65	187	Loamy	Kharif	Nashik	Wheat
90	25	6	6.01	30.72	94.01	187	Alluvial	Kharif	Konkan	Rice
90	8	11	6.6	24.36	92.4	187	Loamy	Kharif	Nashik	Wheat
90	5	5	7.82	21.21	91.35	187	Black	Kharif	Vidarbha	Cotton
90	17	6	6.82	10.79	91.38	187	Loamy	Kharif	Nashik	Wheat
90	30	10	7.29	11.9	91.35	187	Loamy	Kharif	Nashik	Wheat
90	23	15	7.6	22.57	93.37	187	Black	Kharif	Vidarbha	Cotton
90	27	9	6.16	18.87	93.25	187	Alluvial	Kharif	Konkan	Rice
90	11	13	7.19	17.34	93.05	187	Loamy	Kharif	Nashik	Wheat
90	21	8	7.42	34.91	92.88	187	Loamy	Kharif	Nashik	Wheat
90	22	6	6.49	24.54	91.91	187	Alluvial	Kharif	Konkan	Rice
90	18	13	6.04	13.84	91.75	187	Alluvial	Kharif	Konkan	Rice
90	10	10	6.01	22.36	93.52	187	Alluvial	Kharif	Konkan	Rice
90	16	8	6.95	34.74	93.12	187	Loamy	Kharif	Nashik	Wheat
90	9	11	7.91	11.55	94.15	187	Black	Kharif	Vidarbha	Cotton
90	11	5	7.64	23.13	91.95	187	Black	Kharif	Vidarbha	Cotton
90	15	9	7.53	29.98	94.55	187	Black	Kharif	Vidarbha	Cotton
90	5	11	6.25	20.88	90.94	187	Alluvial	Kharif	Konkan	Rice
90	22	9	6.54	17.25	91.14	187	Loamy	Kharif	Nashik	Wheat
90	15	7	7.65	15.83	91.68	187	Black	Kharif	Vidarbha	Cotton
90	6	7	6.71	23.01	91.12	187	Loamy	Kharif	Nashik	Wheat
90	16	14	6.63	16.4	92.18	187	Loamy	Kharif	Nashik	Wheat
90	20	10	6.53	24.45	93.11	187	Loamy	Kharif	Nashik	Wheat
90	29	8	6.45	31.88	91.15	187	Alluvial	Kharif	Konkan	Rice
90	28	10	7.18	31.35	91.48	187	Loamy	Kharif	Nashik	Wheat
90	25	12	7.02	18.05	90.04	187	Loamy	Kharif	Nashik	Wheat
90	6	8	6.39	30.85	92.87	187	Alluvial	Kharif	Konkan	Rice
90	29	13	7.57	22.46	91.53	187	Black	Kharif	Vidarbha	Cotton
90	11	11	7.61	13.7	90.96	187	Black	Kharif	Vidarbha	Cotton
90	24	15	7.14	20.49	93.72	187	Loamy	Kharif	Nashik	Wheat
90	21	9	6.35	13.21	94.03	187	Alluvial	Kharif	Konkan	Rice
90	29	13	6.2	32.32	93.68	187	Alluvial	Kharif	Konkan	Rice
90	29	13	7.83	20.68	90.92	187	Black	Kharif	Vidarbha	Cotton
90	23	12	6.4	31.53	90.51	187	Alluvial	Kharif	Konkan	Rice
90	9	15	7.99	25.35	91.81	187	Black	Kharif	Vidarbha	Cotton
90	5	14	6.58	17.67	91.7	187	Loamy	Kharif	Nashik	Wheat
90	12	8	6.21	12.59	91.82	187	Alluvial	Kharif	Konkan	Rice
90	20	10	6.98	11.87	93.68	187	Loamy	Kharif	Nashik	Wheat
90	8	5	6.56	11.03	92.23	187	Loamy	Kharif	Nashik	Wheat
90	8	12	7.26	25.3	94.96	187	Loamy	Kharif	Nashik	Wheat
90	21	11	6.46	32.24	90.15	187	Alluvial	Kharif	Konkan	Rice
90	19	14	6.7	17.68	94.36	187	Loamy	Kharif	Nashik	Wheat
90	18	12	7.4	10.27	90.19	187	Loamy	Kharif	Nashik	Wheat
90	15	6	6.91	17.22	94.79	187	Loamy	Kharif	Nashik	Wheat
90	22	5	7.76	19.67	90.5	187	Black	Kharif	Vidarbha	Cotton
90	25	9	7.8	10.36	93.76	187	Black	Kharif	Vidarbha	Cotton
90	7	9	6.97	27.26	91.71	187	Loamy	Kharif	Nashik	Wheat
90	7	9	6.73	34.59	92.13	187	Loamy	Kharif	Nashik	Wheat
90	30	11	6.6	32.4	94.52	187	Loamy	Kharif	Nashik	Wheat
90	17	10	6.47	10.16	91.22	187	Alluvial	Kharif	Konkan	Rice
90	23	8	6.41	21.49	93.44	187	Alluvial	Kharif	Konkan	Rice
90	20	12	6.48	16.53	94.77	187	Alluvial	Kharif	Konkan	Rice
90	23	11	6.41	31.85	90.12	187	Alluvial	Kharif	Konkan	Rice
90	14	11	6.55	28.05	90.01	187	Loamy	Kharif	Nashik	Wheat
90	11	10	7.36	31.75	94.6	187	Loamy	Kharif	Nashik	Wheat
90	29	10	7.37	29.07	93.27	187	Loamy	Kharif	Nashik	Wheat
90	24	13	7.85	19.14	90.71	187	Black	Kharif	Vidarbha	Cotton
90	8	10	8	16.15	91.44	187	Black	Kharif	Vidarbha	Cotton
90	10	14	6.73	34.05	92.06	187	Loamy	Kharif	Nashik	Wheat
90	13	9	7.79	34.51	90.56	187	Black	Kharif	Vidarbha	Cotton
90	30	5	7.66	32.72	90.55	187	Black	Kharif	Vidarbha	Cotton
90	8	12	7.11	25.16	92.55	187	Loamy	Kharif	Nashik	Wheat
90	7	7	7.2	27.68	94.47	187	Loamy	Kharif	Nashik	Wheat
90	17	15	7.87	21.35	90.95	187	Black	Kharif	Vidarbha	Cotton
90	26	9	7.57	11.7	93.26	187	Black	Kharif	Vidarbha	Cotton
90	68	50	6.79	35.21	91.5	187	Loamy	Kharif	Nashik	Wheat
90	46	45	6.58	42.39	90.79	187	Loamy	Kharif	Nashik	Wheat
90	47	55	6.75	38.42	91.14	187	Loamy	Kharif	Nashik	Wheat
90	65	53	6.56	35.33	92.12	187	Loamy	Kharif	Nashik	Wheat
90	68	45	6.94	42.92	90.08	187	Loamy	Kharif	Nashik	Wheat
90	68	45	6.99	33.84	92.85	187	Loamy	Kharif	Nashik	Wheat
90	62	50	6.98	33.2	92.76	187	Loamy	Kharif	Nashik	Wheat
90	65	47	6.83	23.49	93.71	187	Loamy	Kharif	Nashik	Wheat
90	68	54	6.74	29.34	90.82	187	Loamy	Kharif	Nashik	Wheat
90	64	47	6.99	40.21	94.51	187	Loamy	Kharif	Nashik	Wheat
90	51	47	6.76	42.13	91.7	187	Loamy	Kharif	Nashik	Wheat
90	47	53	6.85	32.86	91.46	187	Loamy	Kharif	Nashik	Wheat
90	64	54	6.74	29.81	91.38	187	Loamy	Kharif	Nashik	Wheat
90	57	48	6.51	31.56	93.05	187	Loamy	Kharif	Nashik	Wheat
90	60	54	6.99	36.32	93.06	187	Loamy	Kharif	Nashik	Wheat
90	58	49	6.69	37.13	94.61	187	Loamy	Kharif	Nashik	Wheat
90	55	53	6.54	38.44	93.64	187	Loamy	Kharif	Nashik	Wheat
90	51	52	6.93	32.66	90.79	187	Loamy	Kharif	Nashik	Wheat
90	65	47	6.72	27.93	91.56	187	Loamy	Kharif	Nashik	Wheat
90	57	51	6.99	39.02	91.49	187	Loamy	Kharif	Nashik	Wheat
90	52	53	6.7	32.51	94.66	187	Loamy	Kharif	Nashik	Wheat
90	67	45	6.7	38.72	91.73	187	Loamy	Kharif	Nashik	Wheat
90	64	52	6.64	43.3	92.83	187	Loamy	Kharif	Nashik	Wheat
90	62	55	6.59	27.59	90.73	187	Loamy	Kharif	Nashik	Wheat
90	48	45	6.56	40.79	92.91	187	Loamy	Kharif	Nashik	Wheat
90	46	52	6.5	23.19	91.4	187	Loamy	Kharif	Nashik	Wheat
90	68	52	6.8	32.68	92.62	187	Loamy	Kharif	Nashik	Wheat
90	59	46	6.72	34.29	93.61	187	Loamy	Kharif	Nashik	Wheat
90	51	51	6.57	39.3	94.16	187	Loamy	Kharif	Nashik	Wheat
90	54	46	6.92	39.73	91.12	187	Loamy	Kharif	Nashik	Wheat
90	56	49	6.52	39.23	91.26	187	Loamy	Kharif	Nashik	Wheat
90	68	51	6.69	27.35	94.18	187	Loamy	Kharif	Nashik	Wheat
90	59	47	6.75	40.77	92.09	187	Loamy	Kharif	Nashik	Wheat
90	70	52	6.65	26.27	90.8	187	Loamy	Kharif	Nashik	Wheat
90	61	49	6.5	28.13	93.32	187	Loamy	Kharif	Nashik	Wheat
90	60	55	6.83	34.28	90.56	187	Loamy	Kharif	Nashik	Wheat
90	62	52	6.99	33.8	93.01	187	Loamy	Kharif	Nashik	Wheat
90	62	51	6.51	31.53	90.87	187	Loamy	Kharif	Nashik	Wheat
90	57	53	6.93	42.3	90.51	187	Loamy	Kharif	Nashik	Wheat
90	47	48	6.71	24.64	90.62	187	Loamy	Kharif	Nashik	Wheat
90	50	48	6.63	28.28	91.37	187	Loamy	Kharif	Nashik	Wheat
90	46	53	6.76	24.49	92.98	187	Loamy	Kharif	Nashik	Wheat
90	68	55	6.69	42.85	94.64	187	Loamy	Kharif	Nashik	Wheat
90	62	52	6.61	43.68	93.11	187	Loamy	Kharif	Nashik	Wheat
90	58	51	6.84	42.07	92.92	187	Loamy	Kharif	Nashik	Wheat
90	60	47	6.83	33.47	92.13	187	Loamy	Kharif	Nashik	Wheat
90	66	47	6.95	31.7	91.66	187	Loamy	Kharif	Nashik	Wheat
90	65	48	6.67	41.42	90.04	187	Loamy	Kharif	Nashik	Wheat
90	54	46	6.66	42.55	94.94	187	Loamy	Kharif	Nashik	Wheat
90	64	52	6.68	28.92	94.64	187	Loamy	Kharif	Nashik	Wheat
90	52	47	6.54	43.08	93.9	187	Loamy	Kharif	Nashik	Wheat
90	47	46	6.84	29.2	93.97	187	Loamy	Kharif	Nashik	Wheat
90	48	48	6.81	41.04	91.37	187	Loamy	Kharif	Nashik	Wheat
90	54	50	6.76	25.62	93.18	187	Loamy	Kharif	Nashik	Wheat
90	65	49	6.68	35.33	91.06	187	Loamy	Kharif	Nashik	Wheat
90	52	49	6.58	24.43	92.28	187	Loamy	Kharif	Nashik	Wheat
90	46	52	6.73	31.18	90.22	187	Loamy	Kharif	Nashik	Wheat
90	63	50	6.52	31.88	91.33	187	Loamy	Kharif	Nashik	Wheat
90	49	47	6.5	42.93	91.18	187	Loamy	Kharif	Nashik	Wheat
90	53	48	6.76	23.11	94.32	187	Loamy	Kharif	Nashik	Wheat
90	55	51	6.68	24.87	93.91	187	Loamy	Kharif	Nashik	Wheat
90	62	49	6.94	43.36	93.35	187	Loamy	Kharif	Nashik	Wheat
90	58	47	6.86	26.83	90.75	187	Loamy	Kharif	Nashik	Wheat
90	65	52	6.58	30.42	93.13	187	Loamy	Kharif	Nashik	Wheat
90	50	52	6.75	28.65	93.23	187	Loamy	Kharif	Nashik	Wheat
90	64	47	6.89	32.5	93.48	187	Loamy	Kharif	Nashik	Wheat
90	58	50	6.72	43.04	94.64	187	Loamy	Kharif	Nashik	Wheat
90	58	49	6.83	30.11	90.35	187	Loamy	Kharif	Nashik	Wheat
90	69	47	6.91	23.69	93.61	187	Loamy	Kharif	Nashik	Wheat
90	67	52	6.59	35.68	93.31	187	Loamy	Kharif	Nashik	Wheat
90	67	52	6.83	27.72	94.44	187	Loamy	Kharif	Nashik	Wheat
90	68	49	6.82	35.27	92.38	187	Loamy	Kharif	Nashik	Wheat
90	57	47	6.66	23.17	90.79	187	Loamy	Kharif	Nashik	Wheat
90	50	52	6.77	33.09	92.25	187	Loamy	Kharif	Nashik	Wheat
90	50	53	6.93	37.46	90.45	187	Loamy	Kharif	Nashik	Wheat
90	47	45	6.58	38.73	94.74	187	Loamy	Kharif	Nashik	Wheat
90	60	47	6.93	32.58	92.75	187	Loamy	Kharif	Nashik	Wheat
90	51	53	6.99	38.38	93.1	187	Loamy	Kharif	Nashik	Wheat
90	68	45	6.61	42.94	90.09	187	Loamy	Kharif	Nashik	Wheat
90	69	52	6.81	25.65	92.75	187	Loamy	Kharif	Nashik	Wheat
90	55	52	6.97	37.59	92	187	Loamy	Kharif	Nashik	Wheat
90	55	51	6.57	29.61	93.16	187	Loamy	Kharif	Nashik	Wheat
90	62	47	6.8	25.35	93.03	187	Loamy	Kharif	Nashik	Wheat
90	69	53	6.96	25.93	93.02	187	Loamy	Kharif	Nashik	Wheat
90	61	45	6.76	32.77	94.57	187	Loamy	Kharif	Nashik	Wheat
90	57	54	6.62	29.02	90.2	187	Loamy	Kharif	Nashik	Wheat
90	66	49	6.53	40	90.17	187	Loamy	Kharif	Nashik	Wheat
90	55	55	6.71	33.32	91.25	187	Loamy	Kharif	Nashik	Wheat
90	61	52	6.62	31.23	94.94	187	Loamy	Kharif	Nashik	Wheat
90	64	55	6.58	26.68	92.96	187	Loamy	Kharif	Nashik	Wheat
90	57	55	6.68	24.71	90.15	187	Loamy	Kharif	Nashik	Wheat
90	65	45	6.75	38.2	93.97	187	Loamy	Kharif	Nashik	Wheat
90	66	52	6.87	36.57	93.8	187	Loamy	Kharif	Nashik	Wheat
90	55	47	6.74	26.05	93.69	187	Loamy	Kharif	Nashik	Wheat
90	70	54	6.99	31.3	92.76	187	Loamy	Kharif	Nashik	Wheat
90	59	55	6.98	40.1	94.35	187	Loamy	Kharif	Nashik	Wheat
90	64	47	6.83	38.59	91.58	187	Loamy	Kharif	Nashik	Wheat
90	67	49	6.62	41.31	91.15	187	Loamy	Kharif	Nashik	Wheat
90	59	55	6.55	37.04	91.79	187	Loamy	Kharif	Nashik	Wheat
90	64	53	6.6	23.01	91.07	187	Loamy	Kharif	Nashik	Wheat
90	30	29	6.42	26.76	92.86	187	Alluvial	Kharif	Konkan	Rice
90	23	28	5.74	25.61	94.31	187	Alluvial	Kharif	Konkan	Rice
90	28	33	5.69	28.13	95.65	187	Alluvial	Kharif	Konkan	Rice
90	21	35	6.29	25.03	91.54	187	Alluvial	Kharif	Konkan	Rice
90	18	35	6.38	27.8	99.65	187	Alluvial	Kharif	Konkan	Rice
90	11	32	5.54	29.26	95.11	187	Alluvial	Kharif	Konkan	Rice
90	5	31	5.55	27.1	93.7	187	Alluvial	Kharif	Konkan	Rice
90	6	27	5.86	25.85	90.93	187	Alluvial	Kharif	Konkan	Rice
90	30	29	5.56	26.59	90.99	187	Alluvial	Kharif	Konkan	Rice
90	7	35	5.56	28.39	99.19	187	Alluvial	Kharif	Konkan	Rice
90	18	26	5.57	28.44	91.81	187	Alluvial	Kharif	Konkan	Rice
90	10	33	6.07	28.27	96.94	187	Alluvial	Kharif	Konkan	Rice
90	8	32	5.63	27.01	96.46	187	Alluvial	Kharif	Konkan	Rice
90	18	30	6.38	27.64	99.35	187	Alluvial	Kharif	Konkan	Rice
90	15	34	5.69	26.3	99.66	187	Alluvial	Kharif	Konkan	Rice
90	19	33	6.23	27.13	95.24	187	Alluvial	Kharif	Konkan	Rice
90	20	26	6.44	25.57	97.61	187	Alluvial	Kharif	Konkan	Rice
90	17	32	5.84	25.95	93.41	187	Alluvial	Kharif	Konkan	Rice
90	11	29	5.96	28.03	95.02	187	Alluvial	Kharif	Konkan	Rice
90	6	26	5.74	29.13	91.31	187	Alluvial	Kharif	Konkan	Rice
90	6	30	5.95	27.08	97	187	Alluvial	Kharif	Konkan	Rice
90	6	32	6.39	28.11	90.02	187	Alluvial	Kharif	Konkan	Rice
90	8	26	5.56	27.51	94.19	187	Alluvial	Kharif	Konkan	Rice
90	13	33	5.86	27.64	95.49	187	Alluvial	Kharif	Konkan	Rice
90	9	28	6.28	29.01	94.01	187	Alluvial	Kharif	Konkan	Rice
90	27	26	6.25	26.58	95.79	187	Alluvial	Kharif	Konkan	Rice
90	24	33	5.97	28.29	97	187	Alluvial	Kharif	Konkan	Rice
90	6	25	6.08	28.69	96.65	187	Alluvial	Kharif	Konkan	Rice
90	14	30	6.37	29.71	96.3	187	Alluvial	Kharif	Konkan	Rice
90	14	35	6.03	27.15	96.66	187	Alluvial	Kharif	Konkan	Rice
90	6	29	5.87	29.29	91.96	187	Alluvial	Kharif	Konkan	Rice
90	11	31	6.21	25.07	93.31	187	Alluvial	Kharif	Konkan	Rice
90	14	30	5.57	26.92	91.2	187	Alluvial	Kharif	Konkan	Rice
90	6	33	6.1	28.28	93.65	187	Alluvial	Kharif	Konkan	Rice
90	6	33	6.03	29.18	92.73	187	Alluvial	Kharif	Konkan	Rice
90	25	35	5.54	28.36	91.65	187	Alluvial	Kharif	Konkan	Rice
90	14	33	6.37	29.38	93.28	187	Alluvial	Kharif	Konkan	Rice
90	12	30	5.58	25.39	98.09	187	Alluvial	Kharif	Konkan	Rice
90	25	31	5.8	26.31	98.62	187	Alluvial	Kharif	Konkan	Rice
90	21	35	6.12	29.53	91.91	187	Alluvial	Kharif	Konkan	Rice
90	22	29	6	28.83	92.17	187	Alluvial	Kharif	Konkan	Rice
90	5	29	5.82	28.48	97.77	187	Alluvial	Kharif	Konkan	Rice
90	11	32	5.62	28.74	93.4	187	Alluvial	Kharif	Konkan	Rice
90	30	35	6	25.01	95.59	187	Alluvial	Kharif	Konkan	Rice
90	10	30	6.31	29.87	91.15	187	Alluvial	Kharif	Konkan	Rice
90	7	29	6.36	27.54	94.59	187	Alluvial	Kharif	Konkan	Rice
90	20	35	5.59	26.52	98.38	187	Alluvial	Kharif	Konkan	Rice
90	15	32	6.18	25.04	95.9	187	Alluvial	Kharif	Konkan	Rice
90	17	29	5.96	29.2	95.67	187	Alluvial	Kharif	Konkan	Rice
90	15	34	5.68	27.06	91.11	187	Alluvial	Kharif	Konkan	Rice
90	23	25	5.61	26.19	96.97	187	Alluvial	Kharif	Konkan	Rice
90	19	29	6.21	27.59	92.49	187	Alluvial	Kharif	Konkan	Rice
90	21	35	5.76	25.76	94.66	187	Alluvial	Kharif	Konkan	Rice
90	27	34	6.2	28.88	95.11	187	Alluvial	Kharif	Konkan	Rice
90	29	29	6.14	26.51	94.48	187	Alluvial	Kharif	Konkan	Rice
90	8	28	6.1	26.87	91.73	187	Alluvial	Kharif	Konkan	Rice
90	24	27	5.71	27.57	94.9	187	Alluvial	Kharif	Konkan	Rice
90	29	32	5.87	28.06	98.37	187	Alluvial	Kharif	Konkan	Rice
90	11	31	6.46	29.52	92.56	187	Alluvial	Kharif	Konkan	Rice
90	10	32	6.17	28.96	95.16	187	Alluvial	Kharif	Konkan	Rice
90	29	27	6.05	25.1	92.36	187	Alluvial	Kharif	Konkan	Rice
90	29	35	6.14	27.19	92.2	187	Alluvial	Kharif	Konkan	Rice
90	30	27	5.89	29.03	90.79	187	Alluvial	Kharif	Konkan	Rice
90	12	30	5.56	27.75	95.95	187	Alluvial	Kharif	Konkan	Rice
90	13	29	5.83	27.31	99.97	187	Alluvial	Kharif	Konkan	Rice
90	28	32	6.22	28.84	99.64	187	Alluvial	Kharif	Konkan	Rice
90	24	29	6.14	26.61	96.97	187	Alluvial	Kharif	Konkan	Rice
90	23	30	6.08	29.7	95.66	187	Alluvial	Kharif	Konkan	Rice
90	26	26	5.7	25.55	91.64	187	Alluvial	Kharif	Konkan	Rice
90	28	26	5.55	26.38	91.5	187	Alluvial	Kharif	Konkan	Rice
90	18	27	5.84	27.46	92.91	187	Alluvial	Kharif	Konkan	Rice
90	6	35	6.23	27.02	95.72	187	Alluvial	Kharif	Konkan	Rice
90	30	31	5.72	28.99	90.74	187	Alluvial	Kharif	Konkan	Rice
90	7	34	5.85	26.11	91.52	187	Alluvial	Kharif	Konkan	Rice
90	26	31	5.55	25.07	95.02	187	Alluvial	Kharif	Konkan	Rice
90	6	25	6.16	25.55	96.93	187	Alluvial	Kharif	Konkan	Rice
90	12	26	6.44	28.57	95.68	187	Alluvial	Kharif	Konkan	Rice
90	5	32	5.98	26.07	96.7	187	Alluvial	Kharif	Konkan	Rice
90	19	31	6.27	25.52	94.38	187	Alluvial	Kharif	Konkan	Rice
90	9	32	6.47	25.95	94.74	187	Alluvial	Kharif	Konkan	Rice
90	30	34	6.14	28.3	95.41	187	Alluvial	Kharif	Konkan	Rice
90	30	30	5.83	29.57	91.41	187	Alluvial	Kharif	Konkan	Rice
90	13	33	6.34	29.7	95.21	187	Alluvial	Kharif	Konkan	Rice
90	29	26	6.07	26.14	93.28	187	Alluvial	Kharif	Konkan	Rice
90	30	30	6.33	26	94.8	187	Alluvial	Kharif	Konkan	Rice
90	13	25	6.41	27.15	91.49	187	Alluvial	Kharif	Konkan	Rice
90	15	33	5.5	28.97	98.1	187	Alluvial	Kharif	Konkan	Rice
90	12	35	6.34	26.14	96.39	187	Alluvial	Kharif	Konkan	Rice
90	28	30	6.02	25.52	94.33	187	Alluvial	Kharif	Konkan	Rice
90	22	29	5.74	27.56	99.98	187	Alluvial	Kharif	Konkan	Rice
90	10	33	6.47	27.81	97.48	187	Alluvial	Kharif	Konkan	Rice
90	20	31	5.86	25.6	99.72	187	Alluvial	Kharif	Konkan	Rice
90	9	35	6.32	26.92	99.85	187	Alluvial	Kharif	Konkan	Rice
90	16	27	6.01	29.18	90.27	187	Alluvial	Kharif	Konkan	Rice
90	8	30	6.01	26.45	98.3	187	Alluvial	Kharif	Konkan	Rice
90	8	33	5.67	28.44	95.88	187	Alluvial	Kharif	Konkan	Rice
90	27	32	5.76	28.94	93	187	Alluvial	Kharif	Konkan	Rice
90	21	26	5.9	26.45	93.45	187	Alluvial	Kharif	Konkan	Rice
90	5	34	5.78	25.79	93.84	187	Alluvial	Kharif	Konkan	Rice
90	26	29	5.67	26.93	98.8	187	Alluvial	Kharif	Konkan	Rice
90	47	24	7.23	24.4	79.2	187	Loamy	Kharif	Nashik	Wheat
90	36	20	6.93	23.1	84.86	187	Loamy	Kharif	Nashik	Wheat
90	47	18	7.63	23.97	76.98	187	Black	Kharif	Vidarbha	Cotton
90	47	23	6.83	24.89	75.62	187	Loamy	Kharif	Nashik	Wheat
90	38	23	6.18	25.36	83.63	187	Alluvial	Kharif	Konkan	Rice
90	50	19	6.63	24.69	81.74	187	Loamy	Kharif	Nashik	Wheat
90	41	20	7.26	25	80.54	187	Loamy	Kharif	Nashik	Wheat
90	45	22	6.44	22.46	81.31	187	Alluvial	Kharif	Konkan	Rice
90	47	16	7.72	23.61	79.3	187	Black	Kharif	Vidarbha	Cotton
90	60	22	5.95	24.58	79.12	187	Alluvial	Kharif	Konkan	Rice
90	45	25	7.23	23.09	83.56	187	Loamy	Kharif	Nashik	Wheat
90	59	18	6.22	23.5	83.63	187	Alluvial	Kharif	Konkan	Rice
90	38	15	6.02	24.15	75.88	187	Alluvial	Kharif	Konkan	Rice
90	49	21	6.25	24.69	84.84	187	Alluvial	Kharif	Konkan	Rice
90	40	25	6.19	24.48	84.45	187	Alluvial	Kharif	Konkan	Rice
90	35	18	7.06	24.49	82.24	187	Loamy	Kharif	Nashik	Wheat
90	43	16	6.72	23.48	81.73	187	Loamy	Kharif	Nashik	Wheat
90	46	18	6.43	24.19	76.04	187	Alluvial	Kharif	Konkan	Rice
90	39	24	7.45	25.01	78.18	187	Loamy	Kharif	Nashik	Wheat
90	56	15	7.37	25.99	77.05	187	Loamy	Kharif	Nashik	Wheat
90	36	24	7.35	23.66	81.69	187	Loamy	Kharif	Nashik	Wheat
90	58	18	6.65	25.67	81.38	187	Loamy	Kharif	Nashik	Wheat
90	42	24	6.14	22.05	84.63	187	Alluvial	Kharif	Konkan	Rice
90	41	22	7.32	22.42	84.56	187	Loamy	Kharif	Nashik	Wheat
90	39	21	7.95	25.03	82.21	187	Black	Kharif	Vidarbha	Cotton
90	60	23	6.21	23.53	77.22	187	Alluvial	Kharif	Konkan	Rice
90	46	19	6.63	22.77	82.6	187	Loamy	Kharif	Nashik	Wheat
90	49	22	7.31	25.5	79.98	187	Loamy	Kharif	Nashik	Wheat
90	35	15	5.9	25.25	83.46	187	Alluvial	Kharif	Konkan	Rice
90	36	19	7.24	22.78	77.51	187	Loamy	Kharif	Nashik	Wheat
90	45	23	7.98	23.37	77.43	187	Black	Kharif	Vidarbha	Cotton
90	51	22	5.98	24.87	78.22	187	Alluvial	Kharif	Konkan	Rice
90	60	17	6.79	24.14	84.52	187	Loamy	Kharif	Nashik	Wheat
90	37	20	7.39	25.03	79.04	187	Loamy	Kharif	Nashik	Wheat
90	52	16	6.49	23.66	84.48	187	Alluvial	Kharif	Konkan	Rice
90	48	16	7.18	25.54	84.09	187	Loamy	Kharif	Nashik	Wheat
90	38	25	7.39	22	79.47	187	Loamy	Kharif	Nashik	Wheat
90	41	18	6.11	23.64	78.13	187	Alluvial	Kharif	Konkan	Rice
90	53	19	6.42	23.96	78.03	187	Alluvial	Kharif	Konkan	Rice
90	48	16	6.31	24.65	75.64	187	Alluvial	Kharif	Konkan	Rice
90	46	17	6.93	24.3	84.88	187	Loamy	Kharif	Nashik	Wheat
90	41	22	7.81	24.29	81.02	187	Black	Kharif	Vidarbha	Cotton
90	42	17	6.53	24.29	84.62	187	Loamy	Kharif	Nashik	Wheat
90	50	25	7.57	25.72	81.2	187	Black	Kharif	Vidarbha	Cotton
90	37	18	7.04	24.88	76.3	187	Loamy	Kharif	Nashik	Wheat
90	39	25	7.21	22.61	77.34	187	Loamy	Kharif	Nashik	Wheat
90	38	19	6.81	23.87	75.68	187	Loamy	Kharif	Nashik	Wheat
90	38	24	7.44	23.41	76.44	187	Loamy	Kharif	Nashik	Wheat
90	40	17	6.85	24.96	81.32	187	Loamy	Kharif	Nashik	Wheat
90	50	15	7.88	25.17	80.3	187	Black	Kharif	Vidarbha	Cotton
90	40	17	6.01	22.73	77.08	187	Alluvial	Kharif	Konkan	Rice
90	40	20	7.43	22.45	76.26	187	Loamy	Kharif	Nashik	Wheat
90	50	16	6.5	23.05	75.54	187	Alluvial	Kharif	Konkan	Rice
90	36	21	6.21	25.29	75.67	187	Alluvial	Kharif	Konkan	Rice
90	50	19	6.36	22.96	82.34	187	Alluvial	Kharif	Konkan	Rice
90	51	20	7.05	22.8	84.15	187	Loamy	Kharif	Nashik	Wheat
90	57	19	7.95	23.54	75.98	187	Black	Kharif	Vidarbha	Cotton
90	47	20	6.28	24.41	80.8	187	Alluvial	Kharif	Konkan	Rice
90	52	19	6.11	22.94	75.37	187	Alluvial	Kharif	Konkan	Rice
90	40	23	6.75	25.54	81.14	187	Loamy	Kharif	Nashik	Wheat
90	60	17	7.43	25.32	81.79	187	Loamy	Kharif	Nashik	Wheat
90	43	18	6.75	22.43	81.53	187	Loamy	Kharif	Nashik	Wheat
90	44	21	7.64	25.79	75.01	187	Black	Kharif	Vidarbha	Cotton
90	49	25	6.47	25.69	77.91	187	Alluvial	Kharif	Konkan	Rice
90	44	15	7.09	22.15	82.86	187	Loamy	Kharif	Nashik	Wheat
90	59	19	6.52	25.07	82.5	187	Loamy	Kharif	Nashik	Wheat
90	53	24	6.13	22.22	76.18	187	Alluvial	Kharif	Konkan	Rice
90	52	18	7.99	23.96	76.59	187	Black	Kharif	Vidarbha	Cotton
90	36	18	7.52	25.4	76.53	187	Black	Kharif	Vidarbha	Cotton
90	48	17	7.83	23.78	83.04	187	Black	Kharif	Vidarbha	Cotton
90	52	19	6.44	24.16	76.74	187	Alluvial	Kharif	Konkan	Rice
90	37	25	5.91	25.31	77.92	187	Alluvial	Kharif	Konkan	Rice
90	39	22	6.14	22.6	80.35	187	Alluvial	Kharif	Konkan	Rice
90	51	15	6.04	22.95	78.72	187	Alluvial	Kharif	Konkan	Rice
90	36	24	7.6	22.74	80.41	187	Black	Kharif	Vidarbha	Cotton
90	56	18	6.69	23.81	83.92	187	Loamy	Kharif	Nashik	Wheat
90	54	15	6.18	25.46	81.57	187	Alluvial	Kharif	Konkan	Rice
90	56	15	7.27	25.97	81.98	187	Loamy	Kharif	Nashik	Wheat
90	45	15	5.8	25.53	80.05	187	Alluvial	Kharif	Konkan	Rice
90	46	25	6.76	24.44	81.7	187	Loamy	Kharif	Nashik	Wheat
90	49	24	6.98	23.04	76.47	187	Loamy	Kharif	Nashik	Wheat
90	53	19	7.98	23.51	76.73	187	Black	Kharif	Vidarbha	Cotton
90	60	17	6.56	22.76	76.76	187	Loamy	Kharif	Nashik	Wheat
90	56	17	7.98	24.71	77.73	187	Black	Kharif	Vidarbha	Cotton
90	52	19	7.9	23.46	82.45	187	Black	Kharif	Vidarbha	Cotton
90	43	16	6.73	25.55	77.85	187	Loamy	Kharif	Nashik	Wheat
90	44	23	6.69	22.08	82.83	187	Loamy	Kharif	Nashik	Wheat
90	43	25	7.84	24.69	78.51	187	Black	Kharif	Vidarbha	Cotton
90	37	21	6.61	25.85	84.17	187	Loamy	Kharif	Nashik	Wheat
90	48	16	7.46	22.46	75.41	187	Loamy	Kharif	Nashik	Wheat
90	45	16	7.29	23.66	77.52	187	Loamy	Kharif	Nashik	Wheat
90	56	20	7.76	22.01	81.84	187	Black	Kharif	Vidarbha	Cotton
90	40	17	6.36	24.33	80.13	187	Alluvial	Kharif	Konkan	Rice
90	37	18	7.64	22.92	82.69	187	Black	Kharif	Vidarbha	Cotton
90	46	20	6.2	23.44	78.63	187	Alluvial	Kharif	Konkan	Rice
90	38	20	6.36	22.11	78.58	187	Alluvial	Kharif	Konkan	Rice
90	53	21	6.91	23.04	76.11	187	Loamy	Kharif	Nashik	Wheat
90	39	18	7.77	24.55	75.4	187	Black	Kharif	Vidarbha	Cotton
90	58	15	7.56	23.74	75.78	187	Black	Kharif	Vidarbha	Cotton
90	60	15	7.29	22.32	83.86	187	Loamy	Kharif	Nashik	Wheat
90	47	38	6	25.52	72.25	187	Alluvial	Kharif	Konkan	Rice
90	37	39	6.03	26.59	82.94	187	Alluvial	Kharif	Konkan	Rice
90	41	45	7.12	25.3	86.89	187	Loamy	Kharif	Nashik	Wheat
90	40	39	6.21	25.72	88.17	187	Alluvial	Kharif	Konkan	Rice
90	41	40	6.09	23.58	72	187	Alluvial	Kharif	Konkan	Rice
90	35	36	6.35	25.31	72.01	187	Alluvial	Kharif	Konkan	Rice
90	37	43	6.66	23.42	85.09	187	Loamy	Kharif	Nashik	Wheat
90	43	40	6.18	24.36	88.8	187	Alluvial	Kharif	Konkan	Rice
90	55	44	7.25	26.28	75.15	187	Loamy	Kharif	Nashik	Wheat
90	40	40	6.39	25.14	83.12	187	Alluvial	Kharif	Konkan	Rice
90	53	44	7.32	24.89	71.92	187	Loamy	Kharif	Nashik	Wheat
90	46	45	6.03	25.76	88.37	187	Alluvial	Kharif	Konkan	Rice
90	41	38	6.34	23.13	74.68	187	Alluvial	Kharif	Konkan	Rice
90	55	40	7.03	24.99	88.96	187	Loamy	Kharif	Nashik	Wheat
90	43	38	7.3	25.22	70.88	187	Loamy	Kharif	Nashik	Wheat
90	38	35	7.01	24.4	79.27	187	Loamy	Kharif	Nashik	Wheat
90	49	38	7.49	23.31	71.45	187	Loamy	Kharif	Nashik	Wheat
90	40	39	6.63	25.73	81.86	187	Loamy	Kharif	Nashik	Wheat
90	35	44	6.24	26.97	78.21	187	Alluvial	Kharif	Konkan	Rice
90	45	37	6.74	23.7	74.64	187	Loamy	Kharif	Nashik	Wheat
90	53	38	6.59	24.9	73.84	187	Loamy	Kharif	Nashik	Wheat
90	56	36	7.1	23.4	72.61	187	Loamy	Kharif	Nashik	Wheat
90	55	38	6.96	26.87	79.79	187	Loamy	Kharif	Nashik	Wheat
90	45	42	7.38	23.14	75	187	Loamy	Kharif	Nashik	Wheat
90	54	45	6.18	24.29	77.63	187	Alluvial	Kharif	Konkan	Rice
90	56	39	6.55	24.39	89.89	187	Loamy	Kharif	Nashik	Wheat
90	40	45	6.43	25.76	80.76	187	Alluvial	Kharif	Konkan	Rice
90	44	45	6.74	25.49	84.48	187	Loamy	Kharif	Nashik	Wheat
90	47	40	6.13	25.37	76.24	187	Alluvial	Kharif	Konkan	Rice
90	40	45	6.67	26.21	81.7	187	Loamy	Kharif	Nashik	Wheat
90	57	35	6.19	24.31	78.54	187	Alluvial	Kharif	Konkan	Rice
90	36	38	6.33	23.77	87.98	187	Alluvial	Kharif	Konkan	Rice
90	60	38	7.16	24.8	78.53	187	Loamy	Kharif	Nashik	Wheat
90	51	40	7.42	23.21	74.1	187	Loamy	Kharif	Nashik	Wheat
90	39	45	6.77	23.67	70.89	187	Loamy	Kharif	Nashik	Wheat
90	50	43	6.35	25.12	85.73	187	Alluvial	Kharif	Konkan	Rice
90	52	41	6.1	23.89	83.46	187	Alluvial	Kharif	Konkan	Rice
90	52	42	6.14	23.09	81.45	187	Alluvial	Kharif	Konkan	Rice
90	49	37	7.48	24.22	82.85	187	Loamy	Kharif	Nashik	Wheat
90	48	45	6.51	24.06	71.31	187	Loamy	Kharif	Nashik	Wheat
90	47	36	6.57	24.85	74.44	187	Loamy	Kharif	Nashik	Wheat
90	52	39	7.17	26.42	76.86	187	Loamy	Kharif	Nashik	Wheat
90	52	45	7.21	24.89	77.01	187	Loamy	Kharif	Nashik	Wheat
90	51	44	7.12	23.26	82.7	187	Loamy	Kharif	Nashik	Wheat
90	37	41	6.46	24.76	87.06	187	Alluvial	Kharif	Konkan	Rice
90	41	35	6.86	24.97	78.63	187	Loamy	Kharif	Nashik	Wheat
90	55	36	7.13	26.13	80.49	187	Loamy	Kharif	Nashik	Wheat
90	56	35	6.24	25.98	81.66	187	Alluvial	Kharif	Konkan	Rice
90	40	42	6.7	26.28	73.36	187	Loamy	Kharif	Nashik	Wheat
90	56	40	7.43	26.39	83.31	187	Loamy	Kharif	Nashik	Wheat
90	56	44	6.11	25.27	73.75	187	Alluvial	Kharif	Konkan	Rice
90	46	42	7.1	23.09	78.46	187	Loamy	Kharif	Nashik	Wheat
90	48	36	6.35	25.79	81.77	187	Alluvial	Kharif	Konkan	Rice
90	58	41	6.66	23.17	87.88	187	Loamy	Kharif	Nashik	Wheat
90	50	40	7.05	25.63	79.95	187	Loamy	Kharif	Nashik	Wheat
90	41	40	7.33	25.85	87.82	187	Loamy	Kharif	Nashik	Wheat
90	42	43	6.35	26.57	80.9	187	Alluvial	Kharif	Konkan	Rice
90	40	43	7.12	26.25	72.97	187	Loamy	Kharif	Nashik	Wheat
90	57	43	7	26.92	73.2	187	Loamy	Kharif	Nashik	Wheat
90	41	44	6.54	24.37	82.11	187	Loamy	Kharif	Nashik	Wheat
90	45	43	7.17	25.72	79.16	187	Loamy	Kharif	Nashik	Wheat
90	40	43	7.23	25.01	88.33	187	Loamy	Kharif	Nashik	Wheat
90	43	35	7.32	25.41	76.44	187	Loamy	Kharif	Nashik	Wheat
90	36	44	6.61	23.28	74.28	187	Loamy	Kharif	Nashik	Wheat
90	58	35	6.1	23.99	82.09	187	Alluvial	Kharif	Konkan	Rice
90	41	37	6.13	24.49	83.21	187	Alluvial	Kharif	Konkan	Rice
90	48	36	7.36	25.87	84.1	187	Loamy	Kharif	Nashik	Wheat
90	58	35	7.32	23.56	79.46	187	Loamy	Kharif	Nashik	Wheat
90	59	41	7.18	24.22	74.89	187	Loamy	Kharif	Nashik	Wheat
90	35	35	7.3	25.49	86.97	187	Loamy	Kharif	Nashik	Wheat
90	41	35	6.84	24.97	79.48	187	Loamy	Kharif	Nashik	Wheat
90	57	38	6.36	24.81	82.09	187	Alluvial	Kharif	Konkan	Rice
90	42	43	6.51	23.17	76.67	187	Loamy	Kharif	Nashik	Wheat
90	59	35	7.1	24.25	89.86	187	Loamy	Kharif	Nashik	Wheat
90	43	42	6.31	26.58	78.01	187	Alluvial	Kharif	Konkan	Rice
90	46	44	7.09	26.82	78.2	187	Loamy	Kharif	Nashik	Wheat
90	37	42	6.69	25.5	81.13	187	Loamy	Kharif	Nashik	Wheat
90	41	36	6.19	24.1	80.57	187	Alluvial	Kharif	Konkan	Rice
90	56	37	6.49	23.19	86.21	187	Alluvial	Kharif	Konkan	Rice
90	53	38	6.86	26.24	78.51	187	Loamy	Kharif	Nashik	Wheat
90	54	39	7.12	23.75	71.15	187	Loamy	Kharif	Nashik	Wheat
90	58	37	6.07	26.14	79.12	187	Alluvial	Kharif	Konkan	Rice
90	39	43	6.43	26.15	71.24	187	Alluvial	Kharif	Konkan	Rice
90	50	44	6.25	26.92	73.49	187	Alluvial	Kharif	Konkan	Rice
90	38	36	7.29	26.52	77.17	187	Loamy	Kharif	Nashik	Wheat
90	48	38	7.16	23.82	80.94	187	Loamy	Kharif	Nashik	Wheat
90	41	36	6.07	26.51	86.84	187	Alluvial	Kharif	Konkan	Rice
90	54	35	7.31	26.64	70.96	187	Loamy	Kharif	Nashik	Wheat
90	46	41	6.58	23.33	79.8	187	Loamy	Kharif	Nashik	Wheat
90	52	43	6.73	26.48	73.96	187	Loamy	Kharif	Nashik	Wheat
90	43	43	6.01	23.79	74.37	187	Alluvial	Kharif	Konkan	Rice
90	55	43	6.66	25.5	76	187	Loamy	Kharif	Nashik	Wheat
90	57	41	6.43	23.25	73.65	187	Alluvial	Kharif	Konkan	Rice
90	47	35	7.43	26.99	89.06	187	Loamy	Kharif	Nashik	Wheat
90	43	38	6.99	23.61	86.14	187	Loamy	Kharif	Nashik	Wheat
90	44	43	6.72	23.87	86.79	187	Loamy	Kharif	Nashik	Wheat
90	52	39	6.88	23.93	88.07	187	Loamy	Kharif	Nashik	Wheat
90	39	37	6.86	24.81	81.69	187	Loamy	Kharif	Nashik	Wheat
90	39	43	6.77	24.45	82.29	187	Loamy	Kharif	Nashik	Wheat
90	38	43	7.26	26.57	73.82	187	Loamy	Kharif	Nashik	Wheat
90	21	26	7.26	26.33	57.36	187	Loamy	Kharif	Nashik	Wheat
90	21	26	7.24	26.45	55.32	187	Loamy	Kharif	Nashik	Wheat
90	38	35	7.19	25.71	52.89	187	Loamy	Kharif	Nashik	Wheat
90	24	31	6.43	24.13	56.18	187	Alluvial	Kharif	Konkan	Rice
90	28	34	6.42	23.44	60.4	187	Alluvial	Kharif	Konkan	Rice
90	23	25	6.87	23.41	52.27	187	Loamy	Kharif	Nashik	Wheat
90	31	27	6.97	23.06	50.41	187	Loamy	Kharif	Nashik	Wheat
90	25	34	7.18	23.08	63.66	187	Loamy	Kharif	Nashik	Wheat
90	18	32	6.35	27.65	51.11	187	Alluvial	Kharif	Konkan	Rice
90	32	34	6.39	25.47	69.35	187	Alluvial	Kharif	Konkan	Rice
90	36	28	6.12	26.74	55.55	187	Alluvial	Kharif	Konkan	Rice
90	33	25	6.91	26.21	52.51	187	Loamy	Kharif	Nashik	Wheat
90	15	27	6.5	27.04	57.28	187	Loamy	Kharif	Nashik	Wheat
90	30	31	7.03	24.65	51.94	187	Loamy	Kharif	Nashik	Wheat
90	39	29	7.13	27.35	55.99	187	Loamy	Kharif	Nashik	Wheat
90	34	30	6.65	25.18	62.26	187	Loamy	Kharif	Nashik	Wheat
90	15	28	6.7	23.11	68	187	Loamy	Kharif	Nashik	Wheat
90	20	26	7.49	27.23	52.95	187	Loamy	Kharif	Nashik	Wheat
90	29	28	6.72	23.26	60.52	187	Loamy	Kharif	Nashik	Wheat
90	32	26	6.04	25.23	57.53	187	Alluvial	Kharif	Konkan	Rice
90	24	28	7.1	25.6	57.73	187	Loamy	Kharif	Nashik	Wheat
90	21	28	7.47	25.57	60.49	187	Loamy	Kharif	Nashik	Wheat
90	23	28	6.88	25.67	51.29	187	Loamy	Kharif	Nashik	Wheat
90	26	30	6.41	24.41	62.66	187	Alluvial	Kharif	Konkan	Rice
90	33	31	7.39	23.69	66.76	187	Loamy	Kharif	Nashik	Wheat
90	25	26	7.48	24.53	67	187	Loamy	Kharif	Nashik	Wheat
90	26	27	6.08	27.13	52.89	187	Alluvial	Kharif	Konkan	Rice
90	18	27	6.52	27.56	68.49	187	Loamy	Kharif	Nashik	Wheat
90	27	31	6.04	23.59	55.28	187	Alluvial	Kharif	Konkan	Rice
90	39	35	6.96	23.18	52.14	187	Loamy	Kharif	Nashik	Wheat
90	27	27	7.24	24.71	51.29	187	Loamy	Kharif	Nashik	Wheat
90	21	34	7.23	24.39	64.73	187	Loamy	Kharif	Nashik	Wheat
90	27	31	6.69	27.16	51.59	187	Loamy	Kharif	Nashik	Wheat
90	24	33	6.81	26.54	67.1	187	Loamy	Kharif	Nashik	Wheat
90	31	35	6.49	27.01	60.77	187	Alluvial	Kharif	Konkan	Rice
90	35	35	6.78	27.56	58.46	187	Loamy	Kharif	Nashik	Wheat
90	27	29	7.17	23.32	53	187	Loamy	Kharif	Nashik	Wheat
90	40	33	6.73	24.24	54.3	187	Loamy	Kharif	Nashik	Wheat
90	40	30	6.78	23.43	64.11	187	Loamy	Kharif	Nashik	Wheat
90	21	33	7.28	26.02	55.83	187	Loamy	Kharif	Nashik	Wheat
90	34	25	7.21	24.84	56.77	187	Loamy	Kharif	Nashik	Wheat
90	30	25	7.49	26.24	65.64	187	Loamy	Kharif	Nashik	Wheat
90	21	27	7.23	24.43	66.02	187	Loamy	Kharif	Nashik	Wheat
90	33	34	6.56	26	62.14	187	Loamy	Kharif	Nashik	Wheat
90	23	28	6.98	26.22	62.27	187	Loamy	Kharif	Nashik	Wheat
90	15	29	6.78	27.1	63.55	187	Loamy	Kharif	Nashik	Wheat
90	29	30	6.22	25.64	61.03	187	Alluvial	Kharif	Konkan	Rice
90	29	27	7.21	27.75	54.37	187	Loamy	Kharif	Nashik	Wheat
90	35	32	6.85	26.25	54.29	187	Loamy	Kharif	Nashik	Wheat
90	29	35	6.25	26.67	52.24	187	Alluvial	Kharif	Konkan	Rice
90	33	25	6.91	27.1	55.75	187	Loamy	Kharif	Nashik	Wheat
90	17	28	6.78	27.63	61.26	187	Loamy	Kharif	Nashik	Wheat
90	19	33	6.27	27.54	55.52	187	Alluvial	Kharif	Konkan	Rice
90	20	34	6.91	23.57	50.56	187	Loamy	Kharif	Nashik	Wheat
90	27	28	7.16	24.99	57.93	187	Loamy	Kharif	Nashik	Wheat
90	40	35	6.96	27.56	54.41	187	Loamy	Kharif	Nashik	Wheat
90	35	25	6.97	23.98	61.11	187	Loamy	Kharif	Nashik	Wheat
90	31	30	6.84	24.23	67.38	187	Loamy	Kharif	Nashik	Wheat
90	28	30	6.54	25.6	68.66	187	Loamy	Kharif	Nashik	Wheat
90	24	26	6.09	24.31	53.57	187	Alluvial	Kharif	Konkan	Rice
90	26	27	7.46	26.37	52.26	187	Loamy	Kharif	Nashik	Wheat
90	28	35	6.76	26.56	57.16	187	Loamy	Kharif	Nashik	Wheat
90	40	35	7.46	26.35	58.51	187	Loamy	Kharif	Nashik	Wheat
90	38	29	6.65	25.2	57.88	187	Loamy	Kharif	Nashik	Wheat
90	40	30	6.03	23.36	55.19	187	Alluvial	Kharif	Konkan	Rice
90	22	26	6.07	23.61	59.69	187	Alluvial	Kharif	Konkan	Rice
90	40	32	7.05	24.18	69.95	187	Loamy	Kharif	Nashik	Wheat
90	28	33	6.99	26.44	53.84	187	Loamy	Kharif	Nashik	Wheat
90	39	29	6.73	26.12	63.37	187	Loamy	Kharif	Nashik	Wheat
90	28	26	6.94	27.77	64.48	187	Loamy	Kharif	Nashik	Wheat
90	20	26	7.28	25.56	62.67	187	Loamy	Kharif	Nashik	Wheat
90	26	30	7.08	27.92	67.97	187	Loamy	Kharif	Nashik	Wheat
90	29	31	6.14	26.06	52.31	187	Alluvial	Kharif	Konkan	Rice
90	30	28	6.51	26.36	64.58	187	Loamy	Kharif	Nashik	Wheat
90	40	33	7.04	24.91	54.15	187	Loamy	Kharif	Nashik	Wheat
90	37	35	6.35	27.31	68.42	187	Alluvial	Kharif	Konkan	Rice
90	40	33	7.43	26.14	52.26	187	Loamy	Kharif	Nashik	Wheat
90	37	32	6.79	23.11	67.06	187	Loamy	Kharif	Nashik	Wheat
90	18	35	6.74	23.53	68.44	187	Loamy	Kharif	Nashik	Wheat
90	23	25	7.01	25.12	68.48	187	Loamy	Kharif	Nashik	Wheat
90	18	31	7.3	24.03	58.85	187	Loamy	Kharif	Nashik	Wheat
90	31	26	6.86	26.71	69.71	187	Loamy	Kharif	Nashik	Wheat
90	33	33	7.13	26.72	50.5	187	Loamy	Kharif	Nashik	Wheat
90	26	27	7.29	24.59	56.47	187	Loamy	Kharif	Nashik	Wheat
90	35	28	6.98	27.51	50.67	187	Loamy	Kharif	Nashik	Wheat
90	36	25	6.17	27.58	58.53	187	Alluvial	Kharif	Konkan	Rice
90	38	29	6.35	26.65	57.57	187	Alluvial	Kharif	Konkan	Rice
90	33	33	6.91	26.97	62.02	187	Loamy	Kharif	Nashik	Wheat
90	31	31	6.77	23.17	52.98	187	Loamy	Kharif	Nashik	Wheat
90	16	30	6.39	23.53	65.44	187	Alluvial	Kharif	Konkan	Rice
90	40	30	6.35	27.31	55.2	187	Alluvial	Kharif	Konkan	Rice
90	31	34	6.12	27.55	62.88	187	Alluvial	Kharif	Konkan	Rice
90	21	35	7.43	25.63	57.04	187	Loamy	Kharif	Nashik	Wheat
90	38	34	6.02	23.29	50.05	187	Alluvial	Kharif	Konkan	Rice
90	35	26	6.33	24.91	53.74	187	Alluvial	Kharif	Konkan	Rice
90	34	32	6.78	26.77	66.41	187	Loamy	Kharif	Nashik	Wheat
90	15	27	6.09	27.42	56.64	187	Alluvial	Kharif	Konkan	Rice
90	33	30	6.36	24.13	67.23	187	Alluvial	Kharif	Konkan	Rice
90	32	34	6.76	26.27	52.13	187	Loamy	Kharif	Nashik	Wheat
90	18	30	6.78	23.6	60.4	187	Loamy	Kharif	Nashik	Wheat
